IATA,flight_count,origin_flight_count,dest_flight_count,avg_flight_time,avg_actual_elapsed_time,avg_scheduled_elapsed_time,avg_air_time,avg_distance,avg_dep_delay,avg_arr_delay,cancelled_origin_count,diverted_origin_count,unique_destinations,unique_origins,unique_connections
ATL,737402.0,368743.0,368659.0,113.49,113.49,113.46,76.42,607.86,8.11,5.29,4253.0,636.0,150.0,150.0,300.0
ORD,733432.0,366705.0,366727.0,128.71,128.71,129.55,103.82,743.22,8.81,7.27,8786.0,624.0,128.0,127.0,255.0
DFW,665349.0,332579.0,332770.0,125.98,125.98,128.1,108.26,750.43,5.76,1.03,4962.0,481.0,135.0,131.0,266.0
LAX,448088.0,223971.0,224117.0,139.99,139.99,142.79,128.6,940.12,3.77,0.6,2564.0,285.0,77.0,74.0,151.0
IAH,370343.0,185182.0,185161.0,130.42,130.42,131.57,106.63,776.75,3.1,2.49,1135.0,226.0,121.0,123.0,244.0
PHX,339794.0,169895.0,169899.0,138.79,138.79,141.57,122.7,919.46,6.54,1.6,1542.0,306.0,71.0,67.0,138.0
EWR,300836.0,150412.0,150424.0,163.26,163.26,161.79,131.86,901.54,6.32,9.67,4484.0,252.0,93.0,94.0,187.0
MSP,289667.0,144836.0,144831.0,136.6,136.6,136.81,112.85,814.23,3.28,0.93,1674.0,255.0,95.0,93.0,188.0
LAS,286350.0,143179.0,143171.0,135.97,135.97,138.72,118.2,902.18,6.4,2.75,1009.0,266.0,75.0,73.0,148.0
DEN,283732.0,141824.0,141908.0,133.39,133.39,135.0,133.51,860.92,4.04,1.22,1711.0,226.0,90.0,86.0,176.0
DTW,279675.0,139844.0,139831.0,116.31,116.31,115.37,92.02,619.93,4.7,1.02,2044.0,232.0,86.0,84.0,170.0
SLC,251192.0,125545.0,125647.0,111.41,111.41,113.17,132.0,652.43,4.42,1.57,1037.0,264.0,71.0,72.0,143.0
SFO,244680.0,122334.0,122346.0,155.68,155.68,158.29,148.76,1076.15,3.58,3.98,1265.0,203.0,61.0,60.0,121.0
BOS,230934.0,115460.0,115474.0,143.45,143.45,144.48,118.97,770.14,5.47,2.57,3636.0,159.0,51.0,51.0,102.0
PHL,217478.0,108742.0,108736.0,150.72,150.72,149.9,122.18,828.68,8.05,5.17,2553.0,193.0,60.0,60.0,120.0
LGA,213461.0,106731.0,106730.0,133.11,133.11,132.96,101.65,661.74,4.71,6.31,4078.0,216.0,41.0,40.0,81.0
SEA,209209.0,104605.0,104604.0,165.98,165.98,168.97,148.53,1152.16,4.95,1.8,1086.0,195.0,54.0,52.0,106.0
CLT,206835.0,103417.0,103418.0,109.54,109.54,110.74,86.16,573.99,5.71,2.54,1396.0,141.0,67.0,67.0,134.0
IAD,206756.0,103386.0,103370.0,130.82,130.82,132.46,104.98,708.24,6.88,2.67,2749.0,149.0,70.0,68.0,138.0
STL,201826.0,100904.0,100922.0,124.76,124.76,127.93,102.12,717.02,3.3,1.95,1256.0,163.0,64.0,64.0,128.0
BWI,198503.0,99255.0,99248.0,123.2,123.2,125.99,104.56,697.36,6.93,3.94,1659.0,123.0,57.0,58.0,115.0
MCO,186332.0,93171.0,93161.0,144.1,144.1,146.2,124.19,896.71,4.76,3.63,537.0,214.0,64.0,64.0,128.0
CVG,185193.0,92595.0,92598.0,113.56,113.56,113.11,87.04,600.6,5.91,3.61,1931.0,194.0,86.0,86.0,172.0
CLE,180179.0,90094.0,90085.0,106.29,106.29,106.41,83.42,542.55,3.47,4.87,1289.0,149.0,69.0,68.0,137.0
MDW,171666.0,85831.0,85835.0,126.46,126.46,129.24,106.22,752.01,7.94,3.36,1106.0,208.0,50.0,50.0,100.0
SAN,165362.0,82700.0,82662.0,122.8,122.8,124.95,105.32,787.57,3.78,2.29,880.0,125.0,44.0,42.0,86.0
DCA,158215.0,79120.0,79095.0,110.31,110.31,109.79,88.15,561.42,2.39,3.22,2478.0,127.0,41.0,36.0,77.0
JFK,149019.0,74506.0,74513.0,214.16,214.16,217.72,167.45,1341.83,6.78,2.93,1381.0,165.0,50.0,46.0,96.0
OAK,134551.0,67279.0,67272.0,112.42,112.42,116.04,108.7,720.08,5.13,2.47,523.0,94.0,38.0,30.0,68.0
TPA,133321.0,66671.0,66650.0,130.85,130.85,132.18,111.53,790.25,4.24,3.38,401.0,145.0,54.0,53.0,107.0
PIT,130172.0,65090.0,65082.0,123.78,123.78,123.1,100.46,676.04,4.44,3.07,784.0,92.0,53.0,53.0,106.0
SJC,125749.0,62884.0,62865.0,119.74,119.74,124.08,107.9,755.48,4.49,1.37,807.0,99.0,33.0,34.0,67.0
MIA,123389.0,61692.0,61697.0,172.62,172.62,174.44,145.59,1076.22,7.48,4.75,573.0,124.0,40.0,41.0,81.0
FLL,120988.0,60478.0,60510.0,148.69,148.69,149.18,122.32,909.98,5.96,4.92,412.0,153.0,43.0,40.0,83.0
MCI,119068.0,59533.0,59535.0,112.41,112.41,115.31,98.98,665.5,3.24,2.23,529.0,90.0,41.0,40.0,81.0
HOU,114747.0,57375.0,57372.0,79.83,79.83,82.16,66.9,442.27,7.33,3.1,1374.0,109.0,29.0,29.0,58.0
BNA,111166.0,55585.0,55581.0,112.56,112.56,116.33,99.86,654.25,4.85,2.53,514.0,125.0,48.0,44.0,92.0
PDX,111007.0,55450.0,55557.0,131.01,131.01,133.31,116.42,872.61,3.43,1.88,441.0,62.0,36.0,37.0,73.0
MSY,104664.0,52334.0,52330.0,109.37,109.37,110.57,93.76,643.18,4.28,4.06,436.0,96.0,40.0,38.0,78.0
RDU,102674.0,51341.0,51333.0,107.08,107.08,107.78,86.89,549.19,5.63,5.31,1227.0,102.0,38.0,35.0,73.0
MEM,100159.0,50037.0,50122.0,108.94,108.94,108.87,92.08,599.8,3.59,0.88,627.0,100.0,55.0,54.0,109.0
SMF,93499.0,46747.0,46752.0,101.36,101.36,104.12,92.19,627.15,5.37,3.3,348.0,61.0,25.0,25.0,50.0
SNA,93290.0,46647.0,46643.0,126.89,126.89,128.36,108.16,794.67,4.42,1.12,590.0,96.0,23.0,23.0,46.0
DAL,90783.0,45393.0,45390.0,61.06,61.06,62.64,49.48,292.6,6.17,3.47,1249.0,60.0,15.0,14.0,29.0
IND,83221.0,41617.0,41604.0,107.06,107.06,107.47,85.81,560.78,3.54,4.52,532.0,63.0,35.0,33.0,68.0
AUS,82026.0,41015.0,41011.0,102.77,102.77,104.21,93.39,583.54,3.01,2.92,515.0,49.0,30.0,48.0,78.0
SAT,78168.0,39083.0,39085.0,99.13,99.13,101.15,84.23,573.19,3.83,3.51,550.0,43.0,27.0,31.0,58.0
ABQ,73413.0,36708.0,36705.0,102.7,102.7,106.75,95.68,628.55,4.34,2.03,266.0,61.0,31.0,30.0,61.0
ONT,70918.0,35459.0,35459.0,92.44,92.44,94.97,81.21,551.61,4.9,3.06,454.0,39.0,22.0,22.0,44.0
CMH,70708.0,35356.0,35352.0,104.4,104.4,104.97,84.28,535.73,4.71,4.98,604.0,56.0,29.0,29.0,58.0
BDL,67127.0,33567.0,33560.0,131.73,131.73,132.36,110.8,712.09,2.99,3.98,488.0,85.0,28.0,28.0,56.0
PVD,55892.0,27945.0,27947.0,126.03,126.03,128.77,107.23,669.45,4.26,3.39,410.0,90.0,22.0,22.0,44.0
RNO,55192.0,27591.0,27601.0,89.14,89.14,92.36,86.18,508.93,5.2,3.2,116.0,45.0,23.0,20.0,43.0
BUR,52720.0,26362.0,26358.0,81.65,81.65,84.48,75.34,433.71,5.61,4.22,234.0,75.0,13.0,11.0,24.0
JAX,52093.0,26048.0,26045.0,105.82,105.82,107.23,88.33,569.83,5.11,5.6,192.0,73.0,27.0,23.0,50.0
PBI,50329.0,25165.0,25164.0,140.96,140.96,142.57,120.58,863.26,3.98,5.18,199.0,72.0,23.0,22.0,45.0
SJU,48451.0,24219.0,24232.0,224.18,224.18,226.11,199.64,1526.74,3.34,5.48,185.0,60.0,28.0,27.0,55.0
OKC,47684.0,23844.0,23840.0,86.93,86.93,88.56,74.43,458.06,4.04,4.76,347.0,34.0,19.0,26.0,45.0
ORF,44728.0,22365.0,22363.0,104.32,104.32,105.44,85.47,511.75,5.16,6.04,412.0,61.0,21.0,20.0,41.0
TUL,43698.0,21850.0,21848.0,84.94,84.94,86.68,72.54,425.19,3.96,4.47,365.0,30.0,19.0,16.0,35.0
BUF,43520.0,21762.0,21758.0,92.53,92.53,94.33,73.04,434.55,5.03,6.67,323.0,39.0,16.0,16.0,32.0
ANC,42035.0,21013.0,21022.0,163.41,163.41,163.13,145.82,1149.42,4.38,4.32,707.0,80.0,26.0,26.0,52.0
MKE,41896.0,20946.0,20950.0,105.81,105.81,105.17,83.68,549.88,2.89,5.2,366.0,44.0,24.0,23.0,47.0
SDF,41598.0,20800.0,20798.0,94.2,94.2,95.82,81.09,467.98,4.85,4.34,269.0,36.0,23.0,22.0,45.0
OMA,40709.0,20355.0,20354.0,106.42,106.42,107.6,95.6,597.26,3.25,3.88,204.0,36.0,20.0,18.0,38.0
ELP,40348.0,20174.0,20174.0,92.15,92.15,95.24,84.71,553.84,4.25,3.56,236.0,43.0,18.0,18.0,36.0
MHT,38489.0,19246.0,19243.0,120.32,120.32,121.6,101.07,631.13,4.78,4.09,326.0,49.0,19.0,19.0,38.0
BHM,38463.0,19233.0,19230.0,92.11,92.11,94.98,77.16,481.46,4.99,3.93,163.0,51.0,26.0,24.0,50.0
RSW,37962.0,18981.0,18981.0,146.41,146.41,146.5,124.82,894.97,3.15,5.03,80.0,39.0,25.0,24.0,49.0
TUS,36636.0,18311.0,18325.0,112.86,112.86,115.81,122.7,701.41,3.86,4.69,112.0,38.0,21.0,18.0,39.0
ALB,34185.0,17098.0,17087.0,107.65,107.65,107.86,87.63,517.67,5.14,6.31,270.0,59.0,16.0,14.0,30.0
LIT,32397.0,16198.0,16199.0,78.92,78.92,80.03,63.33,376.7,3.42,4.05,199.0,28.0,13.0,18.0,31.0
RIC,31419.0,15711.0,15708.0,102.48,102.48,101.68,81.52,487.9,2.97,4.53,374.0,33.0,15.0,15.0,30.0
HNL,31329.0,15660.0,15669.0,290.24,290.24,294.32,273.63,2417.61,1.37,3.36,40.0,19.0,26.0,25.0,51.0
ROC,31182.0,15590.0,15592.0,92.6,92.6,92.36,70.9,415.03,5.44,6.66,336.0,22.0,13.0,14.0,27.0
BOI,29940.0,15038.0,14902.0,85.59,85.59,88.84,92.3,483.14,4.26,3.52,90.0,11.0,19.0,15.0,34.0
GEG,28976.0,14489.0,14487.0,85.56,85.56,88.4,89.34,478.34,3.15,2.78,159.0,14.0,11.0,11.0,22.0
GSO,28303.0,14157.0,14146.0,100.86,100.86,100.4,89.69,453.85,4.61,5.98,284.0,64.0,11.0,11.0,22.0
FAT,27129.0,13645.0,13484.0,78.01,78.01,81.12,117.13,350.47,5.26,0.9,184.0,15.0,18.0,15.0,33.0
DAY,25840.0,12919.0,12921.0,90.36,90.36,89.01,67.58,392.81,5.32,8.14,252.0,25.0,10.0,10.0,20.0
GRR,25597.0,12801.0,12796.0,74.74,74.74,74.3,54.04,303.73,4.45,8.44,248.0,12.0,14.0,12.0,26.0
SYR,25567.0,12785.0,12782.0,96.14,96.14,95.87,74.26,426.42,5.31,7.13,233.0,25.0,11.0,11.0,22.0
PSP,24734.0,12369.0,12365.0,92.29,92.29,95.74,92.06,516.25,4.79,1.77,144.0,13.0,16.0,22.0,38.0
GSP,23934.0,11970.0,11964.0,98.47,98.47,99.8,75.46,456.73,3.97,5.09,354.0,31.0,12.0,12.0,24.0
COS,23897.0,11952.0,11945.0,105.73,105.73,108.3,121.94,584.31,2.48,2.76,147.0,29.0,14.0,25.0,39.0
SBA,22099.0,11008.0,11091.0,58.46,58.46,61.4,85.15,215.44,3.52,-0.09,192.0,10.0,11.0,12.0,23.0
ISP,21564.0,10785.0,10779.0,116.59,116.59,121.57,102.26,626.2,6.61,3.2,165.0,32.0,13.0,14.0,27.0
TYS,21317.0,10656.0,10661.0,98.14,98.14,100.94,78.76,451.51,5.01,8.09,219.0,19.0,11.0,10.0,21.0
LGB,21125.0,10560.0,10565.0,200.28,200.28,203.72,252.4,1483.89,3.54,0.75,64.0,35.0,11.0,11.0,22.0
XNA,20792.0,10400.0,10392.0,94.28,94.28,94.01,72.92,476.61,5.96,5.03,294.0,22.0,13.0,11.0,24.0
JAN,20238.0,10117.0,10121.0,86.61,86.61,90.02,72.85,438.26,3.93,3.37,97.0,19.0,12.0,16.0,28.0
ICT,20175.0,10090.0,10085.0,96.77,96.77,98.78,87.27,507.62,5.67,7.11,194.0,16.0,9.0,9.0,18.0
LBB,19826.0,9913.0,9913.0,68.36,68.36,70.24,53.71,332.69,3.25,3.98,111.0,6.0,8.0,10.0,18.0
CHS,19792.0,9900.0,9892.0,100.69,100.69,102.39,79.44,495.03,4.98,6.58,187.0,40.0,13.0,11.0,24.0
PWM,19563.0,9783.0,9780.0,114.69,114.69,114.94,93.41,551.5,6.03,7.5,348.0,23.0,11.0,11.0,22.0
CAE,18982.0,9492.0,9490.0,103.59,103.59,105.63,82.15,505.95,8.59,8.09,262.0,31.0,15.0,10.0,25.0
DSM,18653.0,9331.0,9322.0,94.85,94.85,93.93,78.02,482.54,3.9,6.12,169.0,10.0,11.0,11.0,22.0
SAV,17694.0,8850.0,8844.0,97.98,97.98,100.59,76.47,474.88,4.85,6.19,110.0,26.0,13.0,8.0,21.0
MDT,16868.0,8435.0,8433.0,87.73,87.73,88.41,67.34,389.6,2.93,4.97,209.0,12.0,8.0,7.0,15.0
AMA,16730.0,8368.0,8362.0,70.99,70.99,72.82,56.44,363.61,3.68,4.61,126.0,11.0,6.0,6.0,12.0
HPN,16551.0,8273.0,8278.0,123.97,123.97,125.85,98.9,600.12,7.54,6.89,410.0,17.0,8.0,10.0,18.0
MAF,16504.0,8253.0,8251.0,71.13,71.13,72.86,57.42,365.61,3.39,3.84,93.0,15.0,9.0,8.0,17.0
SHV,16369.0,8186.0,8183.0,70.13,70.13,71.78,51.17,266.78,0.25,2.4,158.0,9.0,5.0,23.0,28.0
CRP,15727.0,7863.0,7864.0,69.91,69.91,70.04,52.75,307.84,4.8,4.49,105.0,24.0,6.0,5.0,11.0
MSN,15166.0,7583.0,7583.0,68.87,68.87,67.55,48.66,268.5,2.42,5.45,181.0,5.0,7.0,7.0,14.0
BTR,14988.0,7494.0,7494.0,83.56,83.56,83.34,63.46,368.28,6.42,4.26,133.0,10.0,6.0,8.0,14.0
MRY,14863.0,7437.0,7426.0,61.69,61.69,64.19,83.54,190.92,4.71,-0.5,113.0,6.0,6.0,7.0,13.0
BTV,14375.0,7188.0,7187.0,88.62,88.62,89.27,69.16,390.63,6.84,5.44,206.0,13.0,9.0,10.0,19.0
PNS,13627.0,6815.0,6812.0,82.51,82.51,82.28,72.11,384.76,4.13,6.98,68.0,14.0,9.0,6.0,15.0
LEX,13616.0,6808.0,6808.0,87.28,87.28,85.58,66.81,361.84,6.99,10.42,137.0,10.0,10.0,9.0,19.0
HSV,13592.0,6798.0,6794.0,94.81,94.81,94.62,72.25,437.36,2.72,5.04,158.0,11.0,9.0,9.0,18.0
OGG,12548.0,6274.0,6274.0,263.76,263.76,267.78,248.5,2200.75,1.75,1.55,20.0,23.0,13.0,13.0,26.0
FWA,12198.0,6097.0,6101.0,74.86,74.86,75.75,54.92,297.09,5.13,7.77,239.0,4.0,5.0,5.0,10.0
GPT,11498.0,5747.0,5751.0,86.4,86.4,85.56,66.11,384.48,5.43,5.78,59.0,7.0,10.0,10.0,20.0
HRL,11421.0,5711.0,5710.0,59.9,59.9,61.37,48.03,275.46,5.34,3.71,69.0,47.0,4.0,4.0,8.0
SBP,11188.0,5596.0,5592.0,59.3,59.3,62.57,64.55,166.52,3.13,-1.32,61.0,5.0,4.0,4.0,8.0
MYR,11132.0,5565.0,5567.0,77.09,77.09,78.04,56.67,289.46,3.23,5.69,63.0,4.0,7.0,8.0,15.0
CRW,11101.0,5551.0,5550.0,85.26,85.26,87.09,67.06,376.26,5.56,6.39,223.0,9.0,9.0,8.0,17.0
CID,10922.0,5462.0,5460.0,76.73,76.73,75.3,65.96,333.33,4.13,6.2,173.0,9.0,7.0,5.0,12.0
FAI,10838.0,5420.0,5418.0,92.3,92.3,93.88,78.52,552.55,2.35,3.77,168.0,18.0,5.0,5.0,10.0
VPS,10823.0,5412.0,5411.0,89.51,89.51,89.23,71.91,375.39,3.79,7.6,76.0,14.0,9.0,8.0,17.0
MOB,9897.0,4949.0,4948.0,84.04,84.04,83.31,64.77,383.95,3.88,5.75,71.0,9.0,7.0,5.0,12.0
ROA,9694.0,4846.0,4848.0,85.79,85.79,87.12,65.87,332.53,4.33,6.88,275.0,6.0,6.0,6.0,12.0
LAN,9690.0,4845.0,4845.0,59.66,59.66,60.19,40.84,185.05,1.75,6.72,136.0,5.0,4.0,4.0,8.0
GRB,9416.0,4707.0,4709.0,64.46,64.46,64.3,44.84,235.31,0.53,5.49,101.0,3.0,3.0,3.0,6.0
JNU,9009.0,4504.0,4505.0,84.72,84.72,85.45,68.39,465.91,8.87,4.14,147.0,69.0,7.0,7.0,14.0
ILE,9006.0,4508.0,4498.0,58.2,58.2,60.74,43.21,136.81,0.24,2.27,140.0,2.0,2.0,4.0,6.0
CAK,8907.0,4453.0,4454.0,102.15,102.15,102.4,78.41,492.88,8.42,10.8,82.0,9.0,6.0,6.0,12.0
TOL,8858.0,4429.0,4429.0,69.27,69.27,70.08,50.97,252.53,5.55,12.45,142.0,6.0,4.0,5.0,9.0
PHF,8791.0,4395.0,4396.0,102.78,102.78,102.9,81.23,474.95,8.55,9.39,111.0,6.0,6.0,4.0,10.0
BIL,8681.0,4339.0,4342.0,82.86,82.86,85.79,107.34,471.94,0.58,1.88,49.0,1.0,7.0,4.0,11.0
AGS,8644.0,4321.0,4323.0,78.6,78.6,78.63,58.11,303.22,8.01,7.78,135.0,8.0,7.0,11.0,18.0
EVV,8567.0,4284.0,4283.0,68.04,68.04,69.69,48.44,262.36,4.04,6.15,160.0,4.0,5.0,4.0,9.0
SGF,8475.0,4216.0,4259.0,96.64,96.64,98.88,92.02,413.49,5.75,3.98,121.0,6.0,5.0,5.0,10.0
FAR,8439.0,4220.0,4219.0,78.62,78.62,81.88,50.19,385.79,1.37,4.36,95.0,3.0,5.0,3.0,8.0
MFR,8422.0,4250.0,4172.0,72.94,72.94,77.7,136.75,322.22,7.26,2.62,73.0,4.0,6.0,5.0,11.0
SRQ,8412.0,4206.0,4206.0,113.99,113.99,114.82,93.75,632.23,2.29,5.44,28.0,2.0,10.0,12.0,22.0
JAC,8297.0,4156.0,4141.0,82.1,82.1,83.89,93.68,402.33,5.53,2.41,80.0,5.0,9.0,10.0,19.0
RAP,8228.0,4093.0,4135.0,80.98,80.98,83.27,132.75,418.72,3.59,2.4,46.0,5.0,7.0,7.0,14.0
BGR,8155.0,4077.0,4078.0,60.46,60.46,64.37,44.08,219.54,4.39,6.6,181.0,8.0,2.0,2.0,4.0
ABE,8140.0,4071.0,4069.0,86.48,86.48,87.24,59.85,368.03,2.84,4.41,111.0,8.0,8.0,7.0,15.0
BZN,8085.0,4043.0,4042.0,91.97,91.97,93.2,131.85,526.0,3.11,2.55,50.0,4.0,8.0,7.0,15.0
ACV,8024.0,4027.0,3997.0,60.48,60.48,63.94,115.01,210.5,8.74,1.8,112.0,7.0,3.0,4.0,7.0
LFT,7930.0,3966.0,3964.0,70.97,70.97,71.34,51.56,263.79,5.19,2.02,60.0,11.0,10.0,7.0,17.0
EUG,7883.0,3949.0,3934.0,65.59,65.59,68.43,117.54,330.61,6.99,1.87,76.0,0.0,4.0,5.0,9.0
MBS,7880.0,3939.0,3941.0,60.63,60.63,59.21,38.13,182.47,2.47,6.52,118.0,0.0,3.0,3.0,6.0
GJT,7764.0,3881.0,3883.0,61.89,61.89,66.74,120.21,214.91,8.26,3.14,72.0,2.0,6.0,22.0,28.0
CHA,7672.0,3836.0,3836.0,65.61,65.61,64.71,47.56,221.81,3.95,9.99,126.0,3.0,7.0,13.0,20.0
PIA,7515.0,3758.0,3757.0,69.48,69.48,69.43,56.05,266.6,5.72,8.26,149.0,1.0,5.0,6.0,11.0
TLH,7469.0,3734.0,3735.0,78.47,78.47,79.74,95.29,324.61,6.32,7.73,35.0,5.0,9.0,5.0,14.0
AVL,7363.0,3680.0,3683.0,74.41,74.41,74.19,55.21,281.23,5.17,8.81,151.0,4.0,6.0,7.0,13.0
MGM,7285.0,3645.0,3640.0,73.54,73.54,74.09,57.22,289.45,10.76,12.54,52.0,6.0,7.0,8.0,15.0
MLU,7020.0,3509.0,3511.0,76.21,76.21,78.22,65.71,348.97,2.96,3.66,50.0,4.0,6.0,6.0,12.0
ILM,6670.0,3337.0,3333.0,71.54,71.54,75.54,51.28,293.39,0.85,3.6,86.0,4.0,5.0,3.0,8.0
IDA,6631.0,3317.0,3314.0,47.95,47.95,51.9,45.44,187.92,3.92,2.14,68.0,2.0,5.0,10.0,15.0
FSD,6613.0,3305.0,3308.0,73.68,73.68,75.89,71.48,333.12,2.95,7.09,84.0,6.0,6.0,3.0,9.0
MSO,6533.0,3268.0,3265.0,100.62,100.62,103.3,134.94,627.01,1.82,3.47,32.0,7.0,5.0,6.0,11.0
AEX,6524.0,3261.0,3263.0,67.13,67.13,71.3,47.57,272.97,4.29,2.61,77.0,12.0,12.0,7.0,19.0
CLL,6506.0,3255.0,3251.0,54.73,54.73,55.99,45.64,125.01,-0.5,0.11,59.0,0.0,2.0,3.0,5.0
FNT,6491.0,3246.0,3245.0,97.52,97.52,95.74,76.92,490.49,2.88,6.86,30.0,4.0,7.0,7.0,14.0
PFN,6486.0,3242.0,3244.0,77.58,77.58,78.33,71.26,279.43,7.19,14.18,59.0,4.0,8.0,4.0,12.0
AZO,6404.0,3202.0,3202.0,53.24,53.24,53.67,35.65,157.7,2.05,5.86,148.0,2.0,3.0,3.0,6.0
PSC,6351.0,3174.0,3177.0,84.08,84.08,86.29,144.59,500.59,3.15,2.97,49.0,4.0,8.0,5.0,13.0
SUN,6318.0,3201.0,3117.0,55.24,55.24,60.39,75.11,220.02,3.75,-0.43,217.0,10.0,3.0,2.0,5.0
STT,6231.0,3116.0,3115.0,178.43,178.43,179.39,155.98,1136.52,3.45,6.13,30.0,12.0,9.0,10.0,19.0
SGU,6208.0,3107.0,3101.0,74.85,74.85,77.82,157.43,278.41,5.38,2.81,37.0,5.0,6.0,4.0,10.0
MFE,6125.0,3063.0,3062.0,80.64,80.64,79.76,61.87,380.51,0.36,3.47,28.0,5.0,2.0,2.0,4.0
SBN,6055.0,3027.0,3028.0,71.61,71.61,73.55,53.49,289.26,6.41,20.19,86.0,2.0,5.0,7.0,12.0
TYR,6047.0,3025.0,3022.0,52.4,52.4,55.17,40.44,109.95,-2.1,-0.2,63.0,0.0,3.0,2.0,5.0
DAB,6028.0,3013.0,3015.0,104.88,104.88,102.68,96.3,523.22,10.73,6.2,40.0,11.0,6.0,6.0,12.0
EKO,5998.0,3007.0,2991.0,55.4,55.4,60.33,86.09,211.49,5.09,1.46,61.0,1.0,2.0,3.0,5.0
TRI,5960.0,2980.0,2980.0,68.19,68.19,68.58,50.47,223.65,5.89,9.57,121.0,2.0,5.0,3.0,8.0
BFL,5514.0,2758.0,2756.0,50.5,50.5,56.47,67.52,147.29,4.82,-1.13,51.0,0.0,4.0,4.0,8.0
ACT,5467.0,2736.0,2731.0,52.24,52.24,55.81,39.36,102.02,-0.62,-0.18,62.0,0.0,2.0,3.0,5.0
MLI,5444.0,2722.0,2722.0,80.75,80.75,78.1,86.45,358.03,7.98,10.9,92.0,4.0,7.0,6.0,13.0
GTF,5360.0,2680.0,2680.0,85.55,85.55,88.01,99.23,516.69,0.02,3.11,52.0,3.0,4.0,4.0,8.0
CHO,5301.0,2649.0,2652.0,60.79,60.79,61.0,45.94,225.44,1.94,4.99,83.0,1.0,4.0,6.0,10.0
RDM,5164.0,2588.0,2576.0,66.68,66.68,69.64,108.48,230.33,5.48,0.96,42.0,1.0,3.0,3.0,6.0
ABI,5054.0,2529.0,2525.0,60.49,60.49,63.6,54.27,176.71,0.37,2.98,34.0,2.0,3.0,5.0,8.0
LIH,5012.0,2506.0,2506.0,193.47,193.47,196.98,181.38,1580.79,0.57,-0.8,14.0,7.0,3.0,4.0,7.0
KTN,4956.0,2479.0,2477.0,81.34,81.34,81.68,65.54,437.4,4.74,6.32,85.0,17.0,4.0,4.0,8.0
PIE,4934.0,2466.0,2468.0,192.71,192.71,191.43,172.26,1278.78,0.54,1.96,15.0,1.0,5.0,7.0,12.0
GNV,4861.0,2431.0,2430.0,83.04,83.04,85.31,63.63,300.03,6.69,12.49,56.0,3.0,4.0,2.0,6.0
KOA,4770.0,2386.0,2384.0,226.3,226.3,231.23,211.38,1857.06,0.1,0.28,6.0,4.0,5.0,5.0,10.0
SJT,4755.0,2379.0,2376.0,78.58,78.58,80.1,73.17,242.42,-1.7,-0.43,41.0,2.0,2.0,2.0,4.0
MLB,4711.0,2354.0,2357.0,93.8,93.8,95.78,70.77,455.42,5.37,6.71,26.0,1.0,3.0,3.0,6.0
LRD,4598.0,2300.0,2298.0,82.54,82.54,83.84,63.49,353.4,2.7,3.1,35.0,5.0,2.0,2.0,4.0
RDD,4485.0,2243.0,2242.0,64.45,64.45,67.0,134.09,198.95,7.63,1.21,40.0,2.0,4.0,2.0,6.0
TVC,4420.0,2211.0,2209.0,62.51,62.51,61.23,43.41,220.25,7.01,8.97,45.0,1.0,5.0,5.0,10.0
FSM,4414.0,2207.0,2207.0,74.54,74.54,76.7,53.48,228.0,-1.21,-0.14,46.0,2.0,1.0,1.0,2.0
CSG,4396.0,2197.0,2199.0,44.13,44.13,44.94,26.39,83.0,2.51,10.42,101.0,0.0,1.0,7.0,8.0
MTJ,4379.0,2188.0,2191.0,76.46,76.46,79.14,101.17,347.07,6.23,3.92,30.0,1.0,8.0,7.0,15.0
CLD,4274.0,2139.0,2135.0,36.23,36.23,39.66,26.01,85.99,4.99,-1.35,42.0,1.0,2.0,3.0,5.0
LAW,4262.0,2132.0,2130.0,57.82,57.82,59.21,35.58,140.0,-3.15,0.11,42.0,2.0,1.0,1.0,2.0
SMX,4257.0,2131.0,2126.0,48.8,48.8,55.59,43.02,135.01,3.04,-2.53,48.0,3.0,4.0,4.0,8.0
CPR,4240.0,2121.0,2119.0,79.95,79.95,84.15,163.99,291.6,6.87,4.3,35.0,3.0,4.0,2.0,6.0
TWF,4124.0,2034.0,2090.0,50.53,50.53,55.07,48.62,172.55,8.59,1.52,85.0,0.0,4.0,15.0,19.0
SPS,4115.0,2059.0,2056.0,52.35,52.35,54.19,29.27,113.0,-2.14,-1.11,38.0,0.0,1.0,1.0,2.0
GTR,3972.0,1985.0,1987.0,72.54,72.54,76.0,48.02,270.84,7.56,7.41,60.0,1.0,4.0,4.0,8.0
BMI,3907.0,1954.0,1953.0,80.77,80.77,75.78,57.66,349.74,7.42,10.65,78.0,2.0,3.0,3.0,6.0
CMI,3891.0,1948.0,1943.0,53.48,53.48,50.14,32.94,135.0,3.91,10.34,99.0,2.0,1.0,1.0,2.0
RST,3818.0,1910.0,1908.0,57.32,57.32,56.68,37.88,203.36,-0.23,5.15,48.0,2.0,2.0,2.0,4.0
FCA,3731.0,1865.0,1866.0,77.23,77.23,78.79,76.79,440.0,-0.02,0.76,10.0,9.0,5.0,3.0,8.0
BIS,3692.0,1846.0,1846.0,79.33,79.33,85.93,62.02,417.58,-0.5,-0.19,18.0,2.0,2.0,2.0,4.0
DHN,3636.0,1818.0,1818.0,56.06,56.06,58.74,38.93,170.96,6.06,12.52,35.0,0.0,2.0,2.0,4.0
PIH,3617.0,1806.0,1811.0,45.14,45.14,49.9,37.55,150.0,6.09,2.63,20.0,0.0,1.0,18.0,19.0
SWF,3608.0,1807.0,1801.0,138.27,138.27,138.18,116.51,719.3,4.35,8.24,73.0,7.0,4.0,3.0,7.0
TXK,3591.0,1796.0,1795.0,66.34,66.34,68.1,62.83,190.79,-1.01,-0.59,59.0,1.0,3.0,5.0,8.0
FAY,3541.0,1770.0,1771.0,84.63,84.63,84.15,65.01,330.89,6.21,13.68,43.0,2.0,3.0,4.0,7.0
MCN,3512.0,1753.0,1759.0,43.6,43.6,45.04,22.46,80.25,7.33,11.75,79.0,0.0,9.0,16.0,25.0
LNK,3496.0,1746.0,1750.0,87.63,87.63,87.03,62.7,445.91,5.97,9.84,38.0,4.0,5.0,3.0,8.0
OXR,3494.0,1750.0,1744.0,34.25,34.25,39.32,21.82,49.0,3.48,-2.42,48.0,0.0,1.0,1.0,2.0
BRO,3472.0,1736.0,1736.0,73.67,73.67,76.5,57.19,308.0,0.89,1.44,24.0,5.0,1.0,2.0,3.0
LSE,3302.0,1651.0,1651.0,53.73,53.73,53.32,35.9,181.68,1.34,5.25,61.0,1.0,2.0,2.0,4.0
BPT,3202.0,1601.0,1601.0,39.43,39.43,41.7,22.83,79.0,-0.34,-0.04,18.0,0.0,1.0,1.0,2.0
MEI,3152.0,1578.0,1574.0,69.6,69.6,71.98,45.05,260.66,8.62,7.2,62.0,10.0,7.0,3.0,10.0
EFD,3144.0,1572.0,1572.0,31.86,31.86,27.65,14.52,28.0,-0.97,5.19,35.0,0.0,1.0,1.0,2.0
LCH,3093.0,1546.0,1547.0,47.09,47.09,45.98,30.15,127.0,0.39,-2.11,14.0,0.0,1.0,1.0,2.0
DRO,3091.0,1549.0,1542.0,74.27,74.27,77.44,150.6,286.48,6.83,3.83,29.0,1.0,3.0,2.0,5.0
VLD,2962.0,1481.0,1481.0,66.02,66.02,70.1,48.86,207.87,5.8,5.97,47.0,1.0,3.0,2.0,5.0
SCE,2910.0,1455.0,1455.0,51.28,51.28,57.91,36.76,133.0,0.96,3.24,45.0,1.0,1.0,1.0,2.0
ABY,2899.0,1449.0,1450.0,53.3,53.3,54.56,34.92,145.96,5.93,6.85,21.0,0.0,2.0,2.0,4.0
BQK,2847.0,1423.0,1424.0,62.28,62.28,63.05,41.15,238.0,5.09,7.35,33.0,0.0,1.0,2.0,3.0
MOD,2763.0,1383.0,1380.0,31.26,31.26,33.63,21.44,78.01,6.99,-1.29,80.0,1.0,2.0,1.0,3.0
BTM,2727.0,1377.0,1350.0,65.19,65.19,69.26,144.66,356.71,4.9,4.82,85.0,1.0,3.0,3.0,6.0
YUM,2702.0,1351.0,1351.0,67.98,67.98,72.22,154.13,236.93,4.3,-0.68,11.0,1.0,2.0,1.0,3.0
HLN,2606.0,1301.0,1305.0,62.64,62.64,66.36,91.83,337.65,0.51,-1.21,18.0,7.0,4.0,4.0,8.0
SIT,2592.0,1296.0,1296.0,54.01,54.01,54.1,38.42,227.43,4.92,4.38,14.0,16.0,3.0,3.0,6.0
GGG,2579.0,1289.0,1290.0,59.09,59.09,59.55,39.33,140.0,-4.98,-1.16,23.0,2.0,1.0,1.0,2.0
DLH,2414.0,1207.0,1207.0,49.19,49.19,50.22,32.47,144.0,1.62,4.49,24.0,1.0,1.0,1.0,2.0
CEC,2402.0,1203.0,1199.0,55.61,55.61,60.35,77.54,159.41,7.11,-1.43,25.0,11.0,3.0,3.0,6.0
BGM,2368.0,1184.0,1184.0,71.42,71.42,76.06,56.52,238.0,2.7,7.04,48.0,1.0,1.0,1.0,2.0
BET,2350.0,1175.0,1175.0,65.8,65.8,68.35,56.28,399.0,10.01,7.24,67.0,2.0,1.0,1.0,2.0
MOT,2208.0,1104.0,1104.0,84.02,84.02,84.24,68.08,449.0,-1.65,4.87,8.0,1.0,1.0,1.0,2.0
LYH,2191.0,1095.0,1096.0,87.88,87.88,95.99,72.1,388.37,2.85,0.46,48.0,0.0,2.0,2.0,4.0
HTS,2188.0,1095.0,1093.0,74.72,74.72,77.15,57.31,342.02,4.85,4.97,47.0,4.0,5.0,2.0,7.0
EGE,2184.0,1093.0,1091.0,156.44,156.44,158.87,125.91,1014.97,2.43,6.65,8.0,16.0,13.0,13.0,26.0
CIC,2183.0,1092.0,1091.0,54.51,54.51,57.65,73.46,153.0,5.27,-0.91,11.0,0.0,1.0,1.0,2.0
ATW,2174.0,1087.0,1087.0,92.09,92.09,95.0,74.26,411.0,0.96,5.77,42.0,3.0,1.0,1.0,2.0
OME,2148.0,1074.0,1074.0,75.7,75.7,78.47,66.38,468.07,11.96,5.44,53.0,6.0,2.0,2.0,4.0
DBQ,2145.0,1074.0,1071.0,50.09,50.09,47.55,31.08,147.0,1.62,10.6,31.0,3.0,1.0,1.0,2.0
OTZ,2144.0,1072.0,1072.0,65.68,65.68,68.0,56.4,379.66,11.14,7.71,58.0,9.0,2.0,2.0,4.0
CDC,2140.0,1070.0,1070.0,51.43,51.43,55.66,86.29,200.38,3.64,0.46,22.0,0.0,2.0,4.0,6.0
IYK,2140.0,1074.0,1066.0,43.12,43.12,49.84,33.87,122.98,1.23,-4.34,27.0,0.0,2.0,1.0,3.0
FLO,2112.0,1056.0,1056.0,69.74,69.74,72.23,50.15,272.76,7.21,4.88,25.0,2.0,3.0,3.0,6.0
GFK,1795.0,898.0,897.0,63.33,63.33,63.49,48.11,284.0,0.43,4.0,14.0,2.0,1.0,1.0,2.0
VCT,1792.0,896.0,896.0,49.75,49.75,51.06,42.71,123.08,3.63,0.79,24.0,1.0,2.0,1.0,3.0
VIS,1729.0,869.0,860.0,32.53,32.53,37.28,38.67,62.01,1.23,1.48,51.0,0.0,2.0,2.0,4.0
AVP,1728.0,865.0,863.0,128.58,128.58,132.0,101.31,625.43,9.59,13.92,56.0,3.0,3.0,3.0,6.0
COD,1670.0,839.0,831.0,83.27,83.27,89.08,172.33,297.59,5.68,3.48,14.0,4.0,4.0,2.0,6.0
EYW,1622.0,809.0,813.0,117.29,117.29,116.08,97.38,644.8,17.25,9.18,20.0,4.0,4.0,7.0,11.0
IPL,1495.0,744.0,751.0,50.62,50.62,54.5,62.07,146.96,3.19,-1.25,6.0,9.0,3.0,2.0,5.0
PSG,1452.0,726.0,726.0,28.02,28.02,30.66,19.65,77.0,14.11,8.87,54.0,19.0,2.0,2.0,4.0
YAK,1452.0,726.0,726.0,42.97,42.97,43.42,34.44,206.0,5.68,8.33,24.0,19.0,2.0,2.0,4.0
WRG,1452.0,726.0,726.0,24.65,24.65,26.52,15.84,56.5,8.49,6.85,47.0,12.0,2.0,2.0,4.0
ADQ,1452.0,726.0,726.0,49.71,49.71,51.56,40.36,252.0,9.99,6.75,51.0,0.0,1.0,1.0,2.0
CDV,1451.0,726.0,725.0,42.7,42.7,43.54,33.42,186.5,6.73,7.95,25.0,0.0,2.0,2.0,4.0
BRW,1449.0,724.0,725.0,76.59,76.59,79.32,69.4,503.0,10.15,2.29,19.0,3.0,1.0,1.0,2.0
DUT,1378.0,689.0,689.0,108.75,108.75,112.01,101.11,792.0,15.06,10.34,167.0,11.0,1.0,1.0,2.0
HDN,1286.0,643.0,643.0,132.63,132.63,131.22,105.64,813.28,12.58,2.31,7.0,3.0,8.0,8.0,16.0
STX,1261.0,630.0,631.0,206.34,206.34,204.75,181.66,1348.08,-0.51,3.2,5.0,3.0,3.0,4.0,7.0
SCC,808.0,404.0,404.0,93.7,93.7,96.91,84.49,600.32,2.83,3.31,26.0,0.0,2.0,2.0,4.0
ITO,714.0,357.0,357.0,45.48,45.48,47.0,34.93,216.0,-2.23,-2.31,0.0,0.0,1.0,1.0,2.0
AKN,694.0,347.0,347.0,63.25,63.25,66.42,54.77,367.71,8.54,3.47,8.0,6.0,3.0,2.0,5.0
WYS,663.0,333.0,330.0,61.34,61.34,76.06,153.65,272.61,1.63,-5.14,11.0,1.0,2.0,1.0,3.0
MQT,621.0,311.0,310.0,56.53,56.53,58.96,40.0,207.23,4.93,22.59,17.0,1.0,2.0,2.0,4.0
BQN,588.0,294.0,294.0,235.51,235.51,236.55,212.09,1585.0,2.91,10.03,2.0,0.0,1.0,1.0,2.0
DLG,566.0,283.0,283.0,56.26,56.26,58.37,47.35,329.0,12.15,6.29,20.0,1.0,1.0,2.0,3.0
GUC,458.0,229.0,229.0,127.03,127.03,127.03,107.01,794.14,-1.67,-4.36,2.0,1.0,3.0,3.0,6.0
LWB,386.0,193.0,193.0,81.4,81.4,85.0,64.03,369.0,2.23,1.66,0.0,0.0,1.0,1.0,2.0
ACK,386.0,193.0,193.0,75.66,75.66,74.83,56.45,218.0,7.21,11.84,5.0,1.0,1.0,1.0,2.0
ACY,264.0,132.0,132.0,67.17,67.17,82.73,49.95,274.0,1.12,-6.74,5.0,0.0,1.0,1.0,2.0
GST,182.0,91.0,91.0,25.17,25.17,26.0,13.63,41.0,1.1,3.78,1.0,0.0,1.0,1.0,2.0
ADK,148.0,74.0,74.0,127.51,127.51,136.58,117.38,917.76,19.12,14.24,6.0,0.0,2.0,2.0,4.0
ERI,123.0,61.0,62.0,78.92,78.92,82.0,60.97,316.0,-2.27,12.07,2.0,0.0,1.0,1.0,2.0
MKK,122.0,61.0,61.0,22.26,22.26,27.0,14.26,46.0,-3.47,-6.07,4.0,0.0,1.0,1.0,2.0
LNY,122.0,61.0,61.0,15.95,15.95,15.92,7.74,27.0,-5.72,-0.85,3.0,1.0,1.0,1.0,2.0
FMN,4.0,2.0,2.0,33.0,33.0,69.0,23.5,148.0,185.5,,0.0,0.0,1.0,2.0,3.0
SUX,3.0,1.0,2.0,41.0,41.0,143.0,19.0,80.0,420.0,,0.0,0.0,1.0,1.0,2.0
PUB,2.0,0.0,2.0,,,,,,,,0.0,0.0,0.0,1.0,1.0
CYS,2.0,1.0,1.0,40.0,40.0,25.0,22.0,90.0,185.0,,0.0,0.0,1.0,1.0,2.0
BFF,2.0,1.0,1.0,41.0,41.0,79.0,194.0,152.0,131.0,,0.0,0.0,1.0,1.0,2.0
OGD,1.0,1.0,0.0,,,112.0,,28.0,0.0,,0.0,1.0,1.0,0.0,1.0
