IATA,lat,lon,flight_count,origin_flight_count,dest_flight_count,avg_flight_time,avg_actual_elapsed_time,avg_scheduled_elapsed_time,avg_air_time,avg_distance,avg_dep_delay,avg_arr_delay,cancelled_origin_count,diverted_origin_count,unique_destinations,unique_origins,unique_connections
ORD,41.979595,-87.90446417,54380,27200,27180,123.74,123.74,131.41,102.28,1211.72,8.4,-0.51,6498,58,107,106,213
DFW,32.89595056,-97.0372,48296,24132,24164,126.77,126.77,133.02,104.67,1209.47,12.6,3.0,5269,48,110,111,221
ATL,33.64044444,-84.42694444,39678,19857,19821,117.23,117.23,123.86,95.25,1098.4,8.67,-3.67,3609,58,95,95,190
LAX,33.94253611,-118.4080744,34908,17450,17458,146.49,146.49,150.56,127.72,1599.08,6.34,-1.72,3764,21,60,60,120
PHX,33.43416667,-112.0080556,30000,15001,14999,127.16,127.16,133.69,108.88,1351.35,7.01,-0.61,2275,33,66,66,132
STL,38.74768694,-90.35998972,26217,13105,13112,114.44,114.44,119.87,93.65,1069.54,4.09,-0.88,1774,30,71,71,142
DTW,42.21205889,-83.34883583,23597,11792,11805,110.89,110.89,116.37,88.45,979.34,6.04,-1.75,2390,39,75,76,151
LAS,36.08036111,-115.1523333,22728,11364,11364,123.94,123.94,129.97,105.61,1325.41,6.55,-0.64,1785,17,65,65,130
MSP,44.88054694,-93.2169225,21857,10930,10927,133.42,133.42,137.2,110.14,1303.64,5.96,-0.37,2113,44,81,81,162
DEN,39.85840806,-104.6670019,21030,10517,10513,135.51,135.51,139.76,115.92,1456.41,6.17,0.62,2742,19,58,58,116
BOS,42.3643475,-71.00517917,20705,10342,10363,146.09,146.09,149.15,124.27,1247.81,8.88,-3.53,3508,35,48,49,97
IAH,29.98047222,-95.33972222,20181,10081,10100,145.54,145.54,147.71,121.15,1479.12,1.68,-1.74,1980,32,70,70,140
CLT,35.21401111,-80.94312583,20110,10065,10045,103.85,103.85,106.38,82.5,870.28,2.92,-1.2,2432,18,70,69,139
SFO,37.61900194,-122.3748433,19003,9502,9501,176.06,176.06,178.19,155.12,2000.45,8.09,1.91,2326,13,44,44,88
PHL,39.87195278,-75.24114083,18648,9323,9325,142.58,142.58,147.3,116.92,1272.23,6.58,1.54,2214,40,55,56,111
EWR,40.69249722,-74.16866056,18279,9137,9142,171.96,171.96,182.81,146.79,1680.19,3.92,-3.42,2418,33,58,58,116
LGA,40.77724306,-73.87260917,17474,8733,8741,129.75,129.75,140.0,106.15,1074.33,3.91,-7.42,3065,12,40,40,80
PIT,40.49146583,-80.23287083,16592,8290,8302,110.45,110.45,113.05,90.53,967.78,4.21,-1.07,1883,18,65,65,130
BWI,39.17540167,-76.66819833,16226,8113,8113,115.32,115.32,121.33,98.85,1087.48,7.93,2.28,1327,28,52,52,104
SEA,47.44898194,-122.3093131,15758,7884,7874,168.07,168.07,171.63,149.03,1873.4,6.59,2.72,1637,22,46,45,91
MCO,28.42888889,-81.31602778,15342,7662,7680,139.29,139.29,147.35,120.65,1411.99,4.17,-0.81,1447,25,56,56,112
SAN,32.73355611,-117.1896567,13059,6529,6530,122.7,122.7,124.77,105.15,1267.95,7.29,1.32,1324,8,34,34,68
SLC,40.78838778,-111.9777731,12056,6024,6032,130.2,130.2,135.46,108.63,1341.27,5.68,-2.22,838,16,47,48,95
SJC,37.36186194,-121.9290089,11242,5626,5616,121.17,121.17,128.89,102.94,1254.2,8.41,1.48,1068,11,30,30,60
MIA,25.79325,-80.29055556,10976,5487,5489,150.86,150.86,157.05,127.32,1474.35,13.17,6.18,1177,24,40,40,80
TPA,27.97547222,-82.53325,10697,5342,5355,124.01,124.01,131.08,107.38,1246.58,3.17,-0.21,978,19,47,47,94
OAK,37.72129083,-122.2207167,10499,5249,5250,100.93,100.93,106.9,87.15,1013.53,4.4,1.51,814,15,25,25,50
CVG,39.04614278,-84.6621725,10435,5212,5223,130.64,130.64,134.88,108.54,1232.52,7.61,-1.54,952,22,58,58,116
MCI,39.29760528,-94.71390556,9987,4993,4994,109.3,109.3,115.06,93.36,1068.97,4.2,-0.13,863,14,38,38,76
HOU,29.64541861,-95.27888889,9942,4971,4971,77.26,77.26,80.97,64.19,693.37,7.24,1.35,732,17,28,28,56
IAD,38.94453194,-77.45580972,9406,4696,4710,163.92,163.92,173.52,141.62,1704.06,9.98,3.37,1040,15,37,37,74
DCA,38.85208333,-77.03772222,9301,4662,4639,101.34,101.34,108.9,82.36,826.53,0.87,-5.09,4221,15,40,40,80
JFK,40.63975111,-73.77892556,9269,4645,4624,193.69,193.69,208.07,166.74,1937.76,14.71,7.27,1293,28,38,38,76
BNA,36.12447667,-86.67818222,8965,4483,4482,109.07,109.07,114.09,94.08,1042.51,4.0,-0.38,701,12,44,44,88
MDW,41.7859825,-87.75242444,8709,4356,4353,90.2,90.2,94.71,75.09,813.4,6.49,0.26,609,13,29,29,58
MEM,35.04241667,-89.97666667,8581,4296,4285,105.95,105.95,109.4,85.98,965.64,3.76,-2.51,873,18,51,50,101
PDX,45.58872222,-122.5975,8492,4248,4244,141.44,141.44,145.16,125.19,1550.91,5.14,-0.33,870,11,31,31,62
CLE,41.41089417,-81.84939667,8248,4123,4125,114.98,114.98,123.19,95.38,1057.54,3.12,-2.32,819,19,33,33,66
MSY,29.99338889,-90.25802778,8242,4125,4117,101.09,101.09,107.7,86.56,1003.7,3.4,0.43,718,11,37,36,73
FLL,26.07258333,-80.15275,7768,3883,3885,135.35,135.35,145.73,116.51,1387.96,4.73,0.37,753,21,33,33,66
DAL,32.84711389,-96.85177222,7720,3859,3861,58.37,58.37,61.75,48.31,472.86,5.08,1.96,540,5,15,15,30
SNA,33.67565861,-117.8682225,7113,3557,3556,129.76,129.76,133.88,110.89,1349.42,5.96,2.33,718,5,21,21,42
RDU,35.87763889,-78.78747222,7080,3540,3540,100.82,100.82,107.79,82.53,837.16,3.52,-1.47,744,6,28,28,56
AUS,30.19453278,-97.66987194,6871,3434,3437,99.43,99.43,104.86,83.79,945.6,4.56,0.66,589,11,30,31,61
SMF,38.69542167,-121.5907669,6674,3338,3336,104.7,104.7,110.24,91.21,1100.59,4.25,-0.44,515,9,19,19,38
CMH,39.99798528,-82.89188278,6235,3117,3118,105.88,105.88,110.41,88.34,933.48,3.99,1.06,646,16,27,27,54
IND,39.71732917,-86.29438417,6099,3048,3051,92.83,92.83,96.75,73.3,762.93,3.26,0.25,615,10,27,27,54
ABQ,35.04022222,-106.6091944,6031,3018,3013,101.66,101.66,106.71,87.58,1014.58,3.92,-0.62,423,4,29,29,58
ONT,34.056,-117.6011944,5927,2963,2964,91.89,91.89,96.31,78.38,915.96,2.82,-0.32,452,4,17,17,34
SAT,29.53369444,-98.46977778,5900,2949,2951,93.72,93.72,97.06,78.56,870.82,3.81,0.91,472,5,23,22,45
HNL,21.31869111,-157.9224072,5678,2836,2842,131.57,131.57,132.62,115.73,1553.44,4.36,4.42,313,1,17,17,34
BDL,41.93887417,-72.68322833,5381,2696,2685,130.58,130.58,134.93,111.98,1185.99,4.43,3.45,542,12,29,28,57
PVD,41.72399917,-71.42822111,4877,2437,2440,111.12,111.12,115.59,94.8,930.05,3.5,0.84,522,6,20,20,40
BUR,34.20061917,-118.3584969,4395,2199,2196,74.35,74.35,77.22,60.52,635.39,2.59,-0.94,387,3,10,10,20
JAX,30.49405556,-81.68786111,4114,2056,2058,99.42,99.42,105.24,82.36,874.75,3.32,0.41,359,3,22,22,44
RNO,39.49857611,-119.7680647,4075,2038,2037,88.46,88.46,93.74,74.96,840.31,3.81,-0.33,313,2,15,15,30
PBI,26.68316194,-80.09559417,3845,1923,1922,128.52,128.52,138.49,109.84,1282.61,2.7,-0.21,361,6,20,20,40
TUL,36.19837222,-95.88824167,3742,1871,1871,82.91,82.91,88.3,66.6,669.42,4.18,3.12,357,8,14,14,28
OKC,35.39308833,-97.60073389,3447,1723,1724,77.16,77.16,80.92,62.04,636.45,3.98,1.87,351,3,13,13,26
ELP,31.80666667,-106.3778056,3287,1646,1641,87.96,87.96,93.09,74.15,866.64,5.43,1.85,243,2,15,15,30
TUS,32.11608333,-110.9410278,3266,1631,1635,92.32,92.32,99.29,76.06,901.15,4.47,1.15,296,4,14,14,28
ANC,61.17432028,-149.9961856,3236,1621,1615,155.11,155.11,154.7,138.07,1763.69,5.78,-1.15,216,3,18,18,36
SDF,38.17438889,-85.736,3215,1608,1607,82.14,82.14,86.0,67.01,668.39,1.86,-0.38,267,4,18,17,35
BUF,42.94052472,-78.73216667,3088,1540,1548,94.66,94.66,100.15,77.48,744.0,4.08,-0.98,351,4,17,17,34
OMA,41.30251861,-95.89417306,3066,1537,1529,95.53,95.53,100.0,79.26,866.5,3.41,1.71,251,4,11,11,22
SJU,18.43941667,-66.00183333,2998,1497,1501,216.63,216.63,223.72,194.89,2441.94,19.51,13.79,236,4,23,23,46
ORF,36.89461111,-76.20122222,2990,1496,1494,101.27,101.27,106.3,83.11,815.93,1.72,-0.04,299,3,18,18,36
BHM,33.56294306,-86.75354972,2909,1453,1456,81.23,81.23,85.12,67.08,684.01,3.49,-0.75,238,5,20,20,40
RIC,37.50516667,-77.31966667,2907,1452,1455,92.73,92.73,97.31,73.46,715.97,1.04,-1.35,396,2,14,14,28
MKE,42.94722222,-87.89658333,2774,1386,1388,87.27,87.27,92.05,68.04,697.62,2.36,2.4,232,5,13,13,26
ALB,42.74811944,-73.80297861,2668,1333,1335,100.49,100.49,104.26,83.73,801.86,1.88,2.24,293,1,13,13,26
MHT,42.93451639,-71.43705583,2648,1323,1325,108.88,108.88,113.31,92.43,921.75,3.62,1.47,273,1,15,15,30
LIT,34.72939611,-92.22424556,2592,1298,1294,75.37,75.37,80.65,59.71,583.07,3.18,-1.29,222,2,10,10,20
RSW,26.53616667,-81.75516667,2379,1190,1189,124.18,124.18,132.15,104.53,1219.08,0.47,1.0,243,3,18,18,36
OGG,20.89864972,-156.4304578,2369,1185,1184,128.65,128.65,126.52,116.83,1527.44,5.51,5.75,139,1,11,11,22
GSO,36.09774694,-79.9372975,2358,1179,1179,85.99,85.99,92.24,66.27,648.05,3.01,-1.61,309,3,12,12,24
ROC,43.11886611,-77.67238389,2302,1151,1151,87.21,87.21,90.42,68.31,605.73,2.26,0.53,350,3,13,13,26
ISP,40.7952425,-73.10021194,2165,1084,1081,101.84,101.84,103.56,88.69,797.11,3.12,-0.96,228,3,10,10,20
GEG,47.61985556,-117.5338425,1947,973,974,85.26,85.26,89.97,71.58,813.67,1.92,0.95,175,2,9,10,19
BOI,43.56444444,-116.2227778,1942,971,971,86.72,86.72,92.01,74.21,843.92,2.35,-0.37,167,2,12,12,24
GRR,42.88081972,-85.52276778,1847,924,923,66.68,66.68,70.76,48.56,418.58,0.82,1.08,197,0,5,6,11
PWM,43.64616667,-70.30875,1794,897,897,99.96,99.96,103.13,82.5,771.02,2.3,-1.87,216,1,8,8,16
DAY,39.90237583,-84.219375,1748,876,872,79.91,79.91,82.92,59.5,577.8,-0.52,1.51,173,3,10,9,19
COS,38.80580556,-104.70025,1686,841,845,109.13,109.13,112.04,87.54,1026.26,2.59,4.34,182,3,11,11,22
SYR,43.11118694,-76.10631056,1594,799,795,91.53,91.53,95.42,72.32,680.21,0.08,1.34,229,5,11,11,22
DSM,41.53493306,-93.66068222,1442,723,719,76.02,76.02,80.8,58.99,609.21,0.86,0.96,149,1,6,5,11
LBB,33.66363889,-101.8227778,1408,704,704,65.75,65.75,71.64,52.72,503.97,3.53,1.45,131,2,6,6,12
JAN,32.31116667,-90.07588889,1368,685,683,83.8,83.8,88.36,68.18,671.09,0.95,0.06,106,0,10,10,20
HPN,41.06695778,-73.70757444,1317,660,657,110.39,110.39,109.5,86.48,799.18,6.76,1.65,238,1,4,4,8
LIH,21.97598306,-159.3389581,1293,647,646,56.23,56.23,55.03,47.66,543.19,1.22,1.84,75,1,4,4,8
CID,41.88458833,-91.71087222,1275,638,637,70.24,70.24,74.64,53.15,518.39,-1.82,-0.54,112,0,5,5,10
MAF,31.94252778,-102.2019139,1271,636,635,72.79,72.79,75.12,58.95,553.22,3.31,2.9,88,2,7,7,14
ICT,37.64995889,-97.43304583,1264,631,633,93.08,93.08,93.07,72.26,724.75,2.21,1.81,138,1,6,6,12
KOA,19.73876583,-156.0456314,1244,623,621,95.45,95.45,93.4,84.07,1050.7,5.93,4.98,74,0,6,6,12
MDT,40.19349528,-76.76340361,1162,581,581,84.49,84.49,88.36,66.84,652.92,1.22,1.81,116,1,7,7,14
GSP,34.89566722,-82.21885833,1140,568,572,89.26,89.26,92.5,69.57,644.0,1.52,-0.2,137,3,6,6,12
SAV,32.12758333,-81.20213889,1086,544,542,74.4,74.4,81.06,53.57,502.58,3.06,3.22,153,3,4,4,8
SBA,34.42621194,-119.8403733,1020,510,510,48.82,48.82,52.2,34.92,225.12,5.19,-1.52,131,1,2,2,4
MSN,43.13985778,-89.33751361,994,495,499,63.7,63.7,66.6,44.71,371.38,-2.57,0.83,88,1,4,4,8
PSP,33.82921556,-116.5062531,988,494,494,88.56,88.56,88.77,70.97,704.26,-0.08,0.03,96,1,5,5,10
XNA,36.28186944,-94.30681111,980,491,489,84.97,84.97,90.56,66.11,686.13,5.81,1.34,92,2,3,3,6
AMA,35.2193725,-101.7059272,971,486,485,68.92,68.92,73.63,55.58,549.27,3.42,6.14,69,1,4,4,8
CRP,27.77036083,-97.50121528,962,481,481,65.47,65.47,70.8,50.45,427.33,5.01,3.49,87,3,3,3,6
SHV,32.4466275,-93.82559833,938,469,469,70.13,70.13,75.49,50.93,380.31,-0.52,-1.45,93,1,2,2,4
CHS,32.89864639,-80.04050583,924,462,462,58.96,58.96,65.54,39.65,365.01,1.45,0.72,112,0,3,3,6
FAI,64.8136775,-147.8596694,881,441,440,78.97,78.97,80.42,65.67,716.21,6.03,0.71,65,0,4,4,8
TYS,35.81248722,-83.99285583,880,440,440,79.83,79.83,84.47,58.16,556.59,0.16,1.51,84,2,6,6,12
HSV,34.6404475,-86.77310944,871,437,434,81.19,81.19,87.47,61.8,605.51,1.33,0.93,104,1,5,4,9
HRL,26.22850611,-97.65439389,868,434,434,64.58,64.58,70.17,53.97,496.02,3.06,3.01,71,3,4,4,8
PNS,30.47330556,-87.18744444,862,431,431,72.09,72.09,76.4,53.53,559.51,-2.35,-0.7,82,0,5,5,10
ABE,40.65236278,-75.44040167,852,425,427,94.19,94.19,98.37,75.74,784.02,4.33,0.98,99,1,7,7,14
SGF,37.24432611,-93.38685806,847,424,423,81.83,81.83,86.06,62.16,475.47,3.18,-1.18,66,0,2,2,4
BGR,44.80744444,-68.82813889,800,400,400,68.86,68.86,80.11,53.38,351.25,4.29,-3.06,159,1,2,2,4
BTV,44.47300361,-73.1503125,727,363,364,86.63,86.63,90.52,69.72,625.99,-0.03,0.14,92,1,4,4,8
BTR,30.53316083,-91.14963444,705,352,353,100.72,100.72,106.97,80.62,734.39,-2.96,-3.75,51,1,4,4,8
JNU,58.35496194,-134.5762764,684,342,342,86.63,86.63,86.79,71.76,783.44,11.77,7.12,42,4,6,6,12
ITO,19.72026306,-155.0484703,670,335,335,46.08,46.08,44.71,35.99,326.26,-0.92,2.16,40,0,3,3,6
FAT,36.77619444,-119.7181389,611,306,305,82.6,82.6,85.33,66.65,510.54,3.67,-1.75,82,0,2,2,4
GRB,44.48507333,-88.12959,601,299,302,59.66,59.66,67.18,42.54,361.76,-0.23,0.61,55,1,3,3,6
SRQ,27.39533333,-82.55411111,570,285,285,96.51,96.51,105.04,78.02,853.89,-2.31,-2.39,46,0,3,3,6
ILE,31.08583333,-97.6865,565,283,282,61.01,61.01,63.91,38.45,209.21,-1.37,-2.28,71,1,1,1,2
MYR,33.67975,-78.92833333,545,273,272,56.07,56.07,57.53,39.35,335.76,-2.63,-1.4,50,0,4,4,8
TYR,32.35413889,-95.40238611,540,270,270,49.83,49.83,52.4,28.71,165.76,-3.54,0.78,48,1,1,1,2
CAE,33.93884,-81.11953944,537,268,269,54.32,54.32,59.26,34.47,249.86,3.86,1.71,75,0,2,2,4
FSM,35.33659028,-94.36744111,524,262,262,72.23,72.23,77.2,52.17,366.93,-2.68,-0.16,63,0,1,1,2
MFE,26.17583333,-98.23861111,496,248,248,79.03,79.03,81.43,60.48,597.32,3.04,4.65,52,1,2,2,4
FSD,43.58135111,-96.74170028,476,238,238,69.1,69.1,69.4,51.25,483.79,3.17,3.03,43,0,2,2,4
LGB,33.81772222,-118.1516111,462,232,230,124.72,124.72,125.27,102.48,1219.35,4.41,6.93,47,0,2,2,4
CLL,30.58858944,-96.36382417,459,230,229,66.72,66.72,68.43,44.86,263.93,-3.63,-3.55,45,0,1,1,2
TVC,44.74144472,-85.582235,452,226,226,58.4,58.4,60.57,41.92,349.6,-0.64,0.04,30,1,2,2,4
ACT,31.61128833,-97.23051917,444,222,222,52.03,52.03,54.56,30.34,143.23,-2.8,-1.78,48,0,1,1,2
BIL,45.8076625,-108.5428611,442,221,221,89.9,89.9,94.48,71.95,839.17,-3.1,-0.96,40,0,3,3,6
LEX,38.03697222,-84.60538889,415,208,207,58.17,58.17,65.74,39.11,342.54,-0.09,-0.02,34,0,3,4,7
LAW,34.56771444,-98.41663667,412,206,206,59.49,59.49,61.35,35.8,225.31,-3.07,-0.07,34,1,1,1,2
EYW,24.55611111,-81.75955556,409,204,205,51.08,51.08,55.85,34.37,202.78,-0.41,-3.86,50,0,1,1,2
SBP,35.23705806,-120.6423931,406,206,200,63.43,63.43,67.05,45.04,249.45,6.47,0.02,39,0,1,1,2
VPS,30.48325,-86.5254,404,202,202,71.46,71.46,74.61,54.44,518.56,-0.69,1.15,25,0,2,2,4
LAN,42.7787,-84.58735806,404,203,201,53.72,53.72,56.61,37.84,273.14,-0.09,2.72,45,0,2,2,4
ABI,32.41132,-99.68189722,404,202,202,58.67,58.67,64.48,40.18,254.28,-1.13,-1.74,38,0,1,1,2
KTN,55.35556861,-131.71374,398,199,199,82.92,82.92,80.13,67.39,720.48,8.91,9.06,24,0,4,4,8
AZO,42.234875,-85.5520575,392,196,196,48.44,48.44,53.96,31.98,246.61,0.69,0.55,34,0,3,3,6
MOB,30.69141667,-88.24283333,382,191,191,66.27,66.27,74.72,47.14,486.02,-1.01,3.26,37,0,1,1,2
MRY,36.5869825,-121.8429478,380,190,190,86.78,86.78,90.0,69.62,429.69,0.01,-5.27,38,0,1,1,2
GTF,47.48200194,-111.3706853,380,190,190,78.64,78.64,83.53,65.62,752.58,-5.37,-4.98,22,0,4,4,8
FWA,40.97846583,-85.19514639,378,189,189,76.87,76.87,84.47,59.48,586.67,0.45,0.36,25,1,3,3,6
BFL,35.43359806,-119.0567681,360,180,180,49.13,49.13,53.89,33.58,175.42,-3.73,-4.72,31,0,1,1,2
SPS,33.98879611,-98.49189333,360,180,180,53.47,53.47,57.83,28.67,181.86,-2.11,1.09,36,0,1,1,2
MBS,43.53291472,-84.07964722,358,179,179,56.7,56.7,60.28,39.54,321.8,-2.39,-3.34,35,0,2,2,4
MLI,41.44852639,-90.50753917,352,176,176,52.15,52.15,54.56,37.99,300.95,0.15,-1.28,20,0,1,1,2
SJT,31.35775,-100.4963056,352,176,176,77.78,77.78,80.44,55.45,366.93,-3.28,-3.77,35,1,1,1,2
TOL,41.58680556,-83.80783333,351,175,176,58.29,58.29,67.87,41.38,344.4,-2.78,-3.52,41,0,1,1,2
LFT,30.20527972,-91.987655,351,176,175,105.9,105.9,112.24,83.52,564.88,-0.73,-1.54,22,1,1,1,2
RST,43.90882639,-92.49798722,339,170,169,56.34,56.34,60.53,40.59,340.42,5.67,2.31,25,0,2,2,4
EVV,38.03799139,-87.53062667,335,168,167,70.89,70.89,74.14,55.09,439.35,3.79,-3.75,23,0,1,1,2
ILM,34.27061111,-77.90255556,331,166,165,54.15,54.15,53.87,37.89,297.73,-2.77,-0.87,37,0,1,1,2
EUG,44.12326,-123.2186856,326,163,163,95.89,95.89,97.41,81.56,887.54,4.27,-1.06,49,1,2,2,4
CHA,35.03526833,-85.20378778,315,157,158,82.3,82.3,83.9,67.4,617.78,1.52,2.77,49,1,2,2,4
BPT,29.95083333,-94.02069444,311,155,156,86.87,86.87,92.72,66.07,434.52,-1.71,-4.61,19,1,1,1,2
STT,18.33730556,-64.97336111,304,152,152,125.1,125.1,133.84,107.31,1297.93,7.66,7.31,24,0,6,8,14
MSO,46.91630556,-114.0905556,300,150,150,98.06,98.06,103.2,83.52,975.9,4.97,-4.39,18,0,3,3,6
GGG,32.38486111,-94.71171,300,150,150,58.27,58.27,62.47,37.76,225.31,-2.31,6.23,35,0,1,1,2
CMI,40.03925,-88.27805556,299,149,150,48.89,48.89,50.0,32.75,217.26,0.42,-0.78,18,0,1,1,2
PIA,40.66424333,-89.69330556,292,146,146,45.41,45.41,49.03,28.92,209.21,-0.34,-4.8,29,0,1,1,2
TXK,33.45370806,-93.99102,292,146,146,67.66,67.66,71.0,45.6,291.29,-3.91,-1.07,36,0,1,1,2
FAR,46.91934889,-96.81498889,288,144,144,56.91,56.91,58.24,41.43,358.88,1.37,5.43,28,1,1,1,2
FCA,48.31140472,-114.2550694,280,140,140,76.62,76.62,82.91,61.63,742.25,-1.54,-7.09,19,0,4,4,8
ROA,37.32546833,-79.97542833,276,138,138,53.72,53.72,55.71,37.88,300.2,2.1,1.25,50,0,2,2,4
DLH,46.84209028,-92.19364861,272,136,136,65.64,65.64,71.21,50.04,489.22,2.62,-0.92,19,2,2,2,4
LSE,43.87937972,-91.25653778,272,136,136,51.13,51.13,56.86,37.22,323.52,-0.49,-1.26,35,1,2,2,4
AVL,35.43619444,-82.54180556,270,135,135,43.45,43.45,41.21,25.31,148.06,-4.29,-3.28,40,0,1,1,2
MLB,28.10275,-80.64580556,262,131,131,89.08,89.08,100.39,66.75,780.51,0.82,5.4,25,0,2,3,5
DAB,29.17991667,-81.05805556,262,131,131,78.64,78.64,85.57,57.24,619.41,4.98,2.72,24,0,3,2,5
LRD,27.54373861,-99.46154361,257,128,129,116.49,116.49,119.21,92.18,634.08,6.88,3.51,17,1,1,1,2
BZN,45.77690139,-111.1530072,240,120,120,102.97,102.97,104.0,85.03,982.5,1.9,-4.42,15,0,2,2,4
CAK,40.91631194,-81.44246556,240,118,122,56.4,56.4,65.93,38.51,424.97,-0.88,-0.52,53,0,2,2,4
MFR,42.37422778,-122.8734978,240,120,120,81.12,81.12,84.75,65.02,650.58,8.15,-1.35,31,1,2,2,4
TLH,30.39652778,-84.35033333,240,120,120,59.99,59.99,66.75,40.94,358.88,3.94,5.61,14,0,1,1,2
BMI,40.47798556,-88.91595278,232,116,116,44.01,44.01,48.66,27.93,186.68,-3.9,0.24,15,1,1,1,2
DBQ,42.40295944,-90.70916722,231,115,116,45.87,45.87,49.5,30.64,236.57,-1.84,0.02,17,0,1,1,2
ERI,42.08202139,-80.17621556,228,114,114,42.59,42.59,45.07,27.36,175.42,-4.92,-4.92,39,0,1,1,2
SBN,41.70895361,-86.31847417,214,107,107,56.88,56.88,59.67,41.82,368.4,-1.3,1.23,27,0,2,2,4
AVP,41.33814944,-75.7242675,213,106,107,56.1,56.1,59.03,40.48,328.21,3.11,-0.05,22,0,2,2,4
SIT,57.04713806,-135.3615983,204,102,102,39.63,39.63,38.24,26.49,194.54,9.75,5.96,11,0,2,3,5
RAP,44.04532139,-103.0573708,202,101,101,84.96,84.96,88.0,71.44,788.58,3.46,-2.85,23,0,1,1,2
BIS,46.77411111,-100.7467222,200,100,100,72.98,72.98,79.3,60.01,621.21,-0.67,-0.79,19,0,1,1,2
SWF,41.50409361,-74.10483833,186,93,93,128.44,128.44,137.9,108.56,1149.07,5.96,6.38,16,0,1,1,2
BET,60.77977639,-161.8379975,186,93,93,68.47,68.47,67.81,58.02,642.13,2.23,3.23,12,0,1,2,3
MOT,48.25937778,-101.2803339,180,90,90,79.53,79.53,86.67,65.52,722.59,-4.37,-1.96,12,1,1,1,2
MLU,32.51086556,-92.03768778,180,90,90,63.53,63.53,68.0,46.29,459.73,-4.04,-3.77,13,0,3,3,6
ORH,42.26733944,-71.87570944,160,80,80,136.87,136.87,139.88,119.62,1053.72,0.96,-7.2,26,1,2,2,4
HLN,46.60681806,-111.9827503,160,80,80,64.54,64.54,69.38,50.92,549.19,-5.0,-1.13,9,0,2,2,4
PSC,46.26468028,-119.1190292,160,80,80,75.73,75.73,77.0,59.89,677.13,-4.83,-0.73,10,0,2,1,3
OME,64.51220222,-165.4452458,156,78,78,85.92,85.92,85.1,74.75,852.74,11.03,11.9,7,0,2,2,4
OTZ,66.88467694,-162.5985497,156,78,78,53.93,53.93,56.62,43.59,430.44,18.04,10.99,7,0,2,2,4
FNT,42.96550333,-83.74345639,150,75,75,36.89,36.89,41.97,17.3,90.12,-2.34,-2.22,28,0,1,1,2
CRW,38.37315083,-81.59318972,135,68,67,48.39,48.39,47.0,32.18,263.93,-2.42,-4.08,30,0,1,1,2
BRW,71.2854475,-156.7660019,134,67,67,80.24,80.24,81.55,71.39,809.5,6.17,7.0,13,0,1,1,2
GPT,30.40728028,-89.07009278,127,63,64,68.16,68.16,69.32,56.09,521.43,-0.44,5.37,20,0,1,1,2
YAK,59.50336056,-139.6602261,120,60,60,44.68,44.68,45.7,35.3,331.52,4.3,7.81,6,1,2,2,4
CDV,60.49183389,-145.4776503,120,60,60,44.32,44.32,42.5,34.4,300.14,5.34,5.17,7,0,2,2,4
STX,17.70188889,-64.79855556,120,60,60,206.31,206.31,208.5,181.13,2244.22,-0.33,11.94,8,0,2,2,4
ADQ,57.74996778,-152.4938553,120,60,60,53.27,53.27,52.4,43.06,428.08,10.39,9.39,9,0,2,1,3
WRG,56.48432583,-132.3698242,120,60,60,28.0,28.0,24.0,17.92,90.93,17.0,19.76,9,0,2,2,4
PSG,56.80165194,-132.9452781,120,60,60,30.69,30.69,29.0,21.14,123.92,18.14,19.71,11,0,2,2,4
LNK,40.85097222,-96.75925,118,59,59,73.17,73.17,73.51,55.85,595.46,-1.02,1.3,5,0,1,1,2
JAC,43.60732417,-110.7377389,96,48,48,134.25,134.25,113.83,107.71,1082.55,21.58,14.65,24,0,2,2,4
DUT,53.90013889,-166.5435,96,48,48,109.37,109.37,109.5,100.89,1274.6,24.2,4.2,13,0,1,1,2
SCC,70.19475583,-148.4651608,84,42,42,94.16,94.16,92.86,84.55,891.11,14.24,17.47,4,0,2,2,4
DLG,59.0454125,-158.5033389,60,30,30,57.67,57.67,57.0,48.52,529.47,0.74,-1.11,3,0,1,1,2
AKN,58.67680167,-156.6492175,60,30,30,26.33,26.33,28.0,17.59,114.26,0.56,4.33,3,0,1,1,2
MQT,46.353639,-87.395361,60,30,30,71.77,71.77,74.0,55.69,487.63,-4.38,-4.15,4,0,1,1,2
GFK,47.949255,-97.17611111,59,30,29,58.78,58.78,63.5,45.56,457.05,57.93,3.08,3,0,1,1,2
BRO,25.90683333,-97.42586111,34,17,17,68.92,68.92,71.0,54.25,495.68,-2.92,-7.82,5,0,1,1,2
LWB,37.85830556,-80.39947222,26,13,13,49.27,49.27,52.0,37.27,297.73,4.36,8.45,2,0,1,1,2
BQN,18.49486111,-67.12944444,16,8,8,224.0,224.0,242.0,204.33,2550.8,-5.67,20.67,5,0,1,1,2
FAY,34.99147222,-78.88,15,8,7,59.0,59.0,47.0,31.5,189.9,17.5,60.0,6,0,1,1,2
TRI,36.47521417,-82.40742056,15,8,7,55.0,55.0,43.5,41.0,193.12,-8.0,,7,0,1,1,2
