IATA,lat,lon,flight_count,origin_flight_count,dest_flight_count,avg_flight_time,avg_actual_elapsed_time,avg_scheduled_elapsed_time,avg_air_time,avg_distance,avg_dep_delay,avg_arr_delay,cancelled_origin_count,diverted_origin_count,unique_destinations,unique_origins,unique_connections
ATL,33.64044444,-84.42694444,4076397.0,2042315.0,2034082,117.25,117.25,118.22,81.11,1021.49,12.57,9.39,39379.0,3996.0,194.0,191,385.0
ORD,41.979595,-87.90446417,3660293.0,1830103.0,1830190,128.4,128.4,129.07,103.09,1174.39,14.42,12.31,58507.0,3462.0,161.0,149,310.0
DFW,32.89595056,-97.0372,3166995.0,1583599.0,1583396,128.15,128.15,129.14,105.87,1234.04,9.53,5.51,29511.0,2803.0,157.0,151,308.0
LAX,33.94253611,-118.4080744,2318246.0,1158841.0,1159405,145.42,145.42,147.21,126.9,1561.78,6.66,4.84,13738.0,1807.0,97.0,93,190.0
IAH,29.98047222,-95.33972222,2047477.0,1023706.0,1023771,135.25,135.25,135.68,108.96,1278.7,7.26,5.34,10793.0,2091.0,131.0,129,260.0
DEN,39.85840806,-104.6670019,1906432.0,953282.0,953150,132.82,132.82,133.56,117.31,1349.88,8.64,5.22,13283.0,1699.0,129.0,118,247.0
PHX,33.43416667,-112.0080556,1881566.0,940747.0,940819,137.69,137.69,140.77,118.14,1448.68,8.99,4.27,8856.0,1924.0,97.0,92,189.0
LAS,36.08036111,-115.1523333,1674583.0,837291.0,837292,140.91,140.91,143.41,120.33,1485.4,10.06,6.58,7344.0,1656.0,103.0,99,202.0
EWR,40.69249722,-74.16866056,1553120.0,776601.0,776519,166.97,166.97,166.03,132.74,1455.24,12.66,16.72,23472.0,1555.0,106.0,105,211.0
CVG,39.04614278,-84.6621725,1492680.0,746440.0,746240,105.22,105.22,106.74,78.71,893.08,7.56,3.21,16409.0,1407.0,142.0,141,283.0
DTW,42.21205889,-83.34883583,1456985.0,728467.0,728518,117.13,117.13,115.21,91.15,982.37,8.65,6.37,12765.0,1422.0,120.0,119,239.0
SLC,40.78838778,-111.9777731,1430061.0,714671.0,715390,115.65,115.65,116.59,105.17,1081.44,5.7,3.77,6419.0,1512.0,131.0,115,246.0
MSP,44.88054694,-93.2169225,1423043.0,711508.0,711535,138.32,138.32,137.04,112.6,1310.32,7.14,5.69,10145.0,1521.0,135.0,132,267.0
SFO,37.61900194,-122.3748433,1303321.0,651650.0,651671,158.75,158.75,159.79,140.52,1729.77,8.06,8.91,9588.0,1297.0,80.0,71,151.0
BOS,42.3643475,-71.00517917,1270323.0,635175.0,635148,149.72,149.72,150.31,121.44,1309.16,9.14,8.21,18901.0,1339.0,70.0,74,144.0
LGA,40.77724306,-73.87260917,1224292.0,612132.0,612160,134.65,134.65,134.81,101.78,1069.76,9.22,13.07,24619.0,1319.0,74.0,85,159.0
CLT,35.21401111,-80.94312583,1140359.0,570152.0,570207,113.47,113.47,115.06,89.22,958.26,9.39,5.51,8369.0,1086.0,92.0,91,183.0
MCO,28.42888889,-81.31602778,1138747.0,569362.0,569385,146.34,146.34,148.15,125.65,1448.69,8.49,6.2,5570.0,1340.0,97.0,99,196.0
PHL,39.87195278,-75.24114083,1138519.0,569268.0,569251,154.14,154.14,155.66,124.31,1365.75,13.66,10.14,13100.0,1201.0,73.0,71,144.0
IAD,38.94453194,-77.45580972,1091186.0,545583.0,545603,138.96,138.96,140.73,110.42,1244.93,10.33,5.91,13209.0,1020.0,91.0,88,179.0
SEA,47.44898194,-122.3093131,1074519.0,537277.0,537242,171.68,171.68,173.41,151.16,1898.1,9.15,7.21,5362.0,1116.0,63.0,61,124.0
BWI,39.17540167,-76.66819833,1058101.0,529071.0,529030,124.57,124.57,127.92,106.02,1139.0,9.35,5.89,7137.0,757.0,70.0,67,137.0
JFK,40.63975111,-73.77892556,1009459.0,504693.0,504766,206.6,206.6,206.08,155.63,2015.03,11.85,11.62,10666.0,1326.0,85.0,87,172.0
MDW,41.7859825,-87.75242444,935314.0,467607.0,467707,128.5,128.5,132.75,109.46,1252.23,11.37,5.25,5743.0,812.0,66.0,66,132.0
DCA,38.85208333,-77.03772222,923394.0,461813.0,461581,114.13,114.13,113.87,90.58,932.38,6.16,6.12,13459.0,876.0,70.0,75,145.0
SAN,32.73355611,-117.1896567,896153.0,448163.0,447990,127.32,127.32,129.35,108.98,1307.73,5.96,5.42,5111.0,834.0,61.0,56,117.0
CLE,41.41089417,-81.84939667,874473.0,437257.0,437216,109.96,109.96,109.9,86.18,907.22,5.96,6.82,6477.0,844.0,86.0,83,169.0
TPA,27.97547222,-82.53325,747390.0,373664.0,373726,135.38,135.38,137.54,115.98,1326.89,7.54,6.17,3471.0,894.0,74.0,73,147.0
OAK,37.72129083,-122.2207167,716481.0,358242.0,358239,118.13,118.13,121.18,110.52,1199.71,7.62,4.89,3702.0,545.0,51.0,41,92.0
STL,38.74768694,-90.35998972,714794.0,357323.0,357471,120.51,120.51,123.51,100.19,1121.22,6.93,4.92,5164.0,714.0,74.0,71,145.0
FLL,26.07258333,-80.15275,668764.0,334339.0,334425,155.58,155.58,156.71,130.06,1531.7,9.36,7.83,4001.0,1027.0,63.0,64,127.0
MIA,25.79325,-80.29055556,647199.0,323581.0,323618,168.45,168.45,169.51,143.19,1681.21,10.99,8.41,4863.0,800.0,53.0,53,106.0
SJC,37.36186194,-121.9290089,618963.0,309467.0,309496,115.01,115.01,117.55,99.8,1129.68,6.03,4.78,3910.0,471.0,41.0,42,83.0
RDU,35.87763889,-78.78747222,602859.0,301386.0,301473,107.39,107.39,108.59,86.08,877.8,8.98,8.64,6658.0,799.0,56.0,53,109.0
BNA,36.12447667,-86.67818222,593138.0,296564.0,296574,114.65,114.65,117.66,97.65,1052.07,8.49,6.44,3683.0,776.0,57.0,55,112.0
MCI,39.29760528,-94.71390556,591275.0,295668.0,295607,115.57,115.57,117.69,98.39,1088.92,6.97,6.74,3578.0,595.0,61.0,57,118.0
HOU,29.64541861,-95.27888889,569907.0,284798.0,285109,88.54,88.54,91.59,74.93,819.21,10.79,5.7,5850.0,580.0,38.0,41,79.0
PDX,45.58872222,-122.5975,565970.0,282871.0,283099,135.76,135.76,137.67,118.86,1451.86,5.84,6.15,2830.0,406.0,51.0,45,96.0
MEM,35.04241667,-89.97666667,559997.0,279936.0,280061,107.9,107.9,106.96,85.44,915.58,7.23,5.88,4705.0,603.0,90.0,79,169.0
PIT,40.49146583,-80.23287083,553801.0,276872.0,276929,121.46,121.46,121.83,98.44,1048.56,7.65,6.41,4878.0,521.0,64.0,60,124.0
SMF,38.69542167,-121.5907669,515862.0,257906.0,257956,107.79,107.79,110.14,94.06,1083.9,7.9,6.87,2274.0,382.0,47.0,48,95.0
SNA,33.67565861,-117.8682225,495365.0,247663.0,247702,124.32,124.32,126.02,104.76,1230.01,5.61,3.78,3397.0,546.0,37.0,35,72.0
DAL,32.84711389,-96.85177222,472813.0,236409.0,236404,63.21,63.21,64.76,50.19,479.99,8.86,5.99,5401.0,329.0,18.0,17,35.0
AUS,30.19453278,-97.66987194,437572.0,218714.0,218858,109.68,109.68,111.28,92.94,1014.34,6.52,6.6,2694.0,357.0,63.0,67,130.0
HNL,21.31869111,-157.9224072,436326.0,218134.0,218192,166.91,166.91,167.63,157.41,2005.06,0.73,1.21,1243.0,121.0,30.0,28,58.0
MSY,29.99338889,-90.25802778,426582.0,213228.0,213354,110.73,110.73,112.13,94.13,1042.87,7.22,6.43,3560.0,480.0,46.0,50,96.0
IND,39.71732917,-86.29438417,416178.0,208080.0,208098,115.14,115.14,115.59,92.89,991.9,6.1,7.46,3027.0,485.0,49.0,48,97.0
SAT,29.53369444,-98.46977778,412888.0,206371.0,206517,105.65,105.65,107.27,88.45,994.61,6.65,6.8,2825.0,353.0,45.0,46,91.0
ABQ,35.04022222,-106.6091944,378240.0,189122.0,189118,105.86,105.86,109.1,92.06,1034.4,6.75,5.55,1487.0,371.0,44.0,41,85.0
CMH,39.99798528,-82.89188278,373217.0,186602.0,186615,106.0,106.0,106.71,85.26,874.32,8.3,9.09,3907.0,436.0,39.0,44,83.0
ONT,34.056,-117.6011944,371834.0,185849.0,185985,95.51,95.51,97.39,81.68,901.59,6.49,5.97,2067.0,226.0,46.0,49,95.0
BDL,41.93887417,-72.68322833,341756.0,170885.0,170871,133.96,133.96,135.31,112.68,1168.74,6.63,7.43,2949.0,389.0,38.0,38,76.0
JAX,30.49405556,-81.68786111,308732.0,154331.0,154401,108.48,108.48,110.12,88.6,947.87,8.19,7.67,1956.0,494.0,44.0,44,88.0
BUR,34.20061917,-118.3584969,294609.0,147295.0,147314,90.76,90.76,93.52,79.98,787.18,7.5,6.91,1726.0,788.0,23.0,18,41.0
PVD,41.72399917,-71.42822111,283303.0,141619.0,141684,125.58,125.58,128.86,106.28,1064.44,7.8,6.93,2468.0,373.0,26.0,25,51.0
RNO,39.49857611,-119.7680647,280234.0,140133.0,140101,91.1,91.1,93.14,79.22,827.16,7.73,7.15,1304.0,203.0,35.0,29,64.0
PBI,26.68316194,-80.09559417,278435.0,139206.0,139229,144.19,144.19,145.11,123.01,1402.92,7.99,7.63,1595.0,461.0,35.0,32,67.0
BUF,42.94052472,-78.73216667,261894.0,130881.0,131013,97.76,97.76,99.1,76.48,754.99,9.59,10.42,2541.0,261.0,26.0,28,54.0
SJU,18.43941667,-66.00183333,250831.0,125417.0,125414,225.81,225.81,226.41,200.46,2452.0,7.0,9.09,1394.0,312.0,31.0,31,62.0
RSW,26.53616667,-81.75516667,242473.0,121234.0,121239,147.73,147.73,148.47,126.22,1452.32,7.19,7.09,1125.0,318.0,37.0,38,75.0
MKE,42.94722222,-87.89658333,232045.0,115943.0,116102,110.97,110.97,110.3,87.35,921.32,6.98,9.68,2470.0,298.0,49.0,40,89.0
OMA,41.30251861,-95.89417306,231744.0,115765.0,115979,111.65,111.65,112.91,93.35,1005.77,7.34,8.82,1627.0,269.0,35.0,25,60.0
OKC,35.39308833,-97.60073389,231743.0,115919.0,115824,95.38,95.38,96.87,78.85,828.18,7.16,8.92,2028.0,239.0,35.0,36,71.0
TUL,36.19837222,-95.88824167,224512.0,112204.0,112308,93.73,93.73,95.38,77.06,786.67,7.45,8.8,2137.0,239.0,37.0,29,66.0
MHT,42.93451639,-71.43705583,221112.0,110540.0,110572,123.86,123.86,125.8,103.87,1026.82,7.78,7.41,1906.0,303.0,25.0,25,50.0
SDF,38.17438889,-85.736,219612.0,109801.0,109811,94.15,94.15,95.51,75.1,731.7,8.55,8.08,1698.0,228.0,37.0,35,72.0
TUS,32.11608333,-110.9410278,218041.0,108963.0,109078,112.99,112.99,114.91,102.31,1102.74,5.91,7.43,828.0,252.0,41.0,34,75.0
ORF,36.89461111,-76.20122222,217193.0,108598.0,108595,107.55,107.55,108.7,87.11,847.43,8.66,9.61,2162.0,305.0,31.0,27,58.0
ELP,31.80666667,-106.3778056,215951.0,107947.0,108004,95.03,95.03,97.63,80.61,902.89,6.28,6.3,1013.0,244.0,25.0,20,45.0
BHM,33.56294306,-86.75354972,213011.0,106520.0,106491,98.22,98.22,99.96,80.57,822.05,7.58,7.26,1727.0,297.0,38.0,38,76.0
ANC,61.17432028,-149.9961856,204111.0,102051.0,102060,170.97,170.97,171.22,152.58,1949.27,8.58,9.89,2330.0,408.0,32.0,31,63.0
RIC,37.50516667,-77.31966667,182447.0,91205.0,91242,105.76,105.76,105.68,82.71,803.73,8.42,9.8,2288.0,283.0,34.0,25,59.0
ROC,43.11886611,-77.67238389,176795.0,88304.0,88491,99.19,99.19,99.49,75.16,739.18,9.61,11.88,2248.0,184.0,22.0,21,43.0
LIT,34.72939611,-92.22424556,173399.0,86741.0,86658,86.83,86.83,88.08,67.63,698.77,8.53,9.25,1667.0,209.0,26.0,25,51.0
OGG,20.89864972,-156.4304578,168111.0,84079.0,84032,144.17,144.17,145.42,133.44,1738.21,1.15,0.45,640.0,104.0,22.0,25,47.0
ALB,42.74811944,-73.80297861,166370.0,83166.0,83204,113.33,113.33,114.89,92.54,900.82,8.08,9.59,1275.0,226.0,26.0,19,45.0
BOI,43.56444444,-116.2227778,165291.0,82729.0,82562,92.63,92.63,94.34,83.52,851.1,5.94,7.28,638.0,90.0,33.0,28,61.0
GSO,36.09774694,-79.9372975,162279.0,81151.0,81128,101.88,101.88,102.7,80.1,756.11,8.57,8.65,2439.0,339.0,33.0,25,58.0
GRR,42.88081972,-85.52276778,155710.0,77821.0,77889,85.45,85.45,85.25,62.07,598.74,6.93,10.13,1741.0,167.0,20.0,30,50.0
COS,38.80580556,-104.70025,147769.0,73780.0,73989,107.92,107.92,108.72,95.0,955.49,6.02,7.24,1271.0,207.0,41.0,64,105.0
DAY,39.90237583,-84.219375,145740.0,72832.0,72908,92.72,92.72,92.94,69.36,662.29,6.8,9.43,1731.0,168.0,20.0,21,41.0
GEG,47.61985556,-117.5338425,145366.0,72737.0,72629,93.64,93.64,95.46,84.17,847.47,4.98,6.9,697.0,111.0,24.0,17,41.0
FAT,36.77619444,-119.7181389,143151.0,71713.0,71438,79.64,79.64,81.13,79.62,577.36,5.81,4.52,1139.0,71.0,30.0,28,58.0
SYR,43.11118694,-76.10631056,136180.0,68086.0,68094,100.55,100.55,100.79,76.57,729.46,8.47,10.68,1329.0,147.0,21.0,16,37.0
CHS,32.89864639,-80.04050583,135198.0,67666.0,67532,99.34,99.34,100.97,77.18,781.91,8.17,8.48,1903.0,265.0,31.0,25,56.0
GSP,34.89566722,-82.21885833,130373.0,65171.0,65202,100.52,100.52,102.18,77.27,755.72,7.3,8.76,2179.0,201.0,20.0,21,41.0
SBA,34.42621194,-119.8403733,128088.0,64025.0,64063,69.22,69.22,70.48,63.74,450.43,4.35,2.96,1175.0,61.0,22.0,20,42.0
XNA,36.28186944,-94.30681111,127448.0,63559.0,63889,103.2,103.2,103.95,79.6,870.82,10.36,8.48,2238.0,175.0,31.0,22,53.0
SAV,32.12758333,-81.20213889,127408.0,63690.0,63718,99.5,99.5,100.9,76.95,778.18,9.08,9.36,1464.0,219.0,31.0,17,48.0
DSM,41.53493306,-93.66068222,125930.0,62911.0,63019,100.78,100.78,101.15,79.24,826.31,8.36,10.46,1802.0,143.0,21.0,22,43.0
TYS,35.81248722,-83.99285583,124536.0,62232.0,62304,97.67,97.67,99.99,75.43,730.87,7.4,9.2,1426.0,174.0,31.0,23,54.0
PSP,33.82921556,-116.5062531,123752.0,61867.0,61885,97.24,97.24,98.52,85.41,876.24,6.25,6.27,860.0,105.0,25.0,27,52.0
LGB,33.81772222,-118.1516111,120579.0,60263.0,60316,199.89,199.89,202.61,235.37,2149.59,4.13,2.7,427.0,178.0,22.0,17,39.0
ISP,40.7952425,-73.10021194,119927.0,59905.0,60022,130.9,130.9,137.5,115.63,1195.47,8.06,4.52,960.0,160.0,17.0,17,34.0
ICT,37.64995889,-97.43304583,118044.0,58937.0,59107,103.27,103.27,104.15,83.39,889.55,8.83,9.59,1800.0,133.0,20.0,20,40.0
JAN,32.31116667,-90.07588889,115882.0,57907.0,57975,89.11,89.11,90.94,70.8,722.37,7.61,7.75,1081.0,159.0,19.0,23,42.0
CAE,33.93884,-81.11953944,111100.0,55492.0,55608,100.09,100.09,102.18,77.07,771.97,12.38,11.5,1758.0,198.0,28.0,21,49.0
MSN,43.13985778,-89.33751361,105390.0,52620.0,52770,77.63,77.63,76.65,54.9,514.54,7.7,10.67,1559.0,88.0,27.0,31,58.0
HSV,34.6404475,-86.77310944,96291.0,48071.0,48220,93.78,93.78,94.05,70.59,705.63,6.58,7.56,1389.0,93.0,18.0,18,36.0
LIH,21.97598306,-159.3389581,94457.0,47230.0,47227,81.98,81.98,82.25,71.46,913.77,-1.35,-1.09,347.0,48.0,7.0,7,14.0
BTR,30.53316083,-91.14963444,94449.0,47254.0,47195,85.59,85.59,85.11,64.47,631.13,10.56,9.97,1272.0,135.0,15.0,17,32.0
LBB,33.66363889,-101.8227778,93819.0,46912.0,46907,68.86,68.86,69.95,53.51,540.05,6.75,8.07,723.0,90.0,8.0,12,20.0
LEX,38.03697222,-84.60538889,92490.0,46137.0,46353,85.61,85.61,86.1,63.31,576.92,8.01,9.77,1211.0,115.0,22.0,31,53.0
PWM,43.64616667,-70.30875,92480.0,46186.0,46294,112.46,112.46,113.0,88.79,845.81,11.09,11.13,1940.0,162.0,19.0,21,40.0
PNS,30.47330556,-87.18744444,90923.0,45455.0,45468,89.45,89.45,89.52,70.75,680.84,8.35,9.08,1231.0,130.0,18.0,14,32.0
KOA,19.73876583,-156.0456314,89640.0,44823.0,44817,122.78,122.78,123.27,109.17,1449.14,0.22,-0.39,250.0,60.0,12.0,12,24.0
MDT,40.19349528,-76.76340361,86027.0,42971.0,43056,99.88,99.88,101.34,77.19,747.04,8.05,9.35,1168.0,87.0,17.0,13,30.0
HPN,41.06695778,-73.70757444,85690.0,42814.0,42876,131.83,131.83,132.48,104.62,1073.81,10.88,9.95,1969.0,133.0,17.0,19,36.0
CAK,40.91631194,-81.44246556,85473.0,42669.0,42804,99.06,99.06,100.99,76.04,796.72,9.95,9.62,1008.0,68.0,15.0,13,28.0
CRP,27.77036083,-97.50121528,83786.0,41911.0,41875,71.41,71.41,71.64,52.38,496.8,6.58,7.55,782.0,110.0,7.0,7,14.0
SHV,32.4466275,-93.82559833,83650.0,41670.0,41980,74.46,74.46,75.38,53.66,500.4,6.39,8.19,1074.0,69.0,12.0,30,42.0
AMA,35.2193725,-101.7059272,81591.0,40822.0,40769,71.85,71.85,72.62,56.39,589.65,5.85,8.01,847.0,108.0,8.0,10,18.0
MAF,31.94252778,-102.2019139,80869.0,40437.0,40432,71.59,71.59,72.55,56.99,588.22,6.24,7.92,495.0,97.0,9.0,8,17.0
SGF,37.24432611,-93.38685806,79203.0,39522.0,39681,90.84,90.84,91.11,73.07,704.38,10.42,10.66,1178.0,95.0,21.0,16,37.0
CID,41.88458833,-91.71087222,77886.0,38933.0,38953,84.4,84.4,84.02,65.95,611.62,7.99,10.01,1613.0,88.0,14.0,15,29.0
MRY,36.5869825,-121.8429478,77723.0,38907.0,38816,68.73,68.73,70.15,64.15,397.2,5.78,3.19,823.0,31.0,18.0,23,41.0
BTV,44.47300361,-73.1503125,76598.0,38308.0,38290,99.42,99.42,98.96,75.61,708.56,10.17,11.37,1073.0,99.0,21.0,18,39.0
MYR,33.67975,-78.92833333,68901.0,34467.0,34434,81.96,81.96,83.21,61.71,528.87,8.18,8.71,675.0,42.0,19.0,19,38.0
GRB,44.48507333,-88.12959,67147.0,33593.0,33554,68.85,68.85,69.07,47.61,420.94,7.02,9.52,1253.0,38.0,8.0,13,21.0
SRQ,27.39533333,-82.55411111,65391.0,32690.0,32701,122.2,122.2,123.41,100.92,1091.99,6.0,6.08,440.0,80.0,23.0,20,43.0
FNT,42.96550333,-83.74345639,64939.0,32383.0,32556,103.62,103.62,103.63,81.05,837.88,7.3,10.45,590.0,105.0,13.0,12,25.0
GPT,30.40728028,-89.07009278,63909.0,31855.0,32054,84.91,84.91,84.45,62.99,615.83,8.89,7.84,780.0,75.0,14.0,13,27.0
VPS,30.48325,-86.5254,63739.0,31855.0,31884,91.97,91.97,92.08,70.18,643.62,8.87,10.85,922.0,103.0,12.0,11,23.0
FWA,40.97846583,-85.19514639,61695.0,30819.0,30876,75.44,75.44,76.72,53.73,473.37,9.16,9.75,1407.0,53.0,6.0,18,24.0
SBP,35.23705806,-120.6423931,61670.0,30857.0,30813,63.74,63.74,65.21,52.52,319.96,5.27,3.29,547.0,16.0,12.0,9,21.0
HRL,26.22850611,-97.65439389,56767.0,28384.0,28383,61.08,61.08,62.5,47.52,443.49,7.18,6.84,379.0,160.0,4.0,4,8.0
PHF,37.13189556,-76.4929875,56650.0,28342.0,28308,101.75,101.75,102.43,79.67,772.22,10.48,9.49,581.0,52.0,13.0,12,25.0
EUG,44.12326,-123.2186856,55447.0,27750.0,27697,83.47,83.47,84.49,87.03,736.98,6.6,5.99,613.0,30.0,19.0,12,31.0
MLI,41.44852639,-90.50753917,55111.0,27525.0,27586,87.09,87.09,87.16,67.66,651.34,9.58,10.91,947.0,58.0,15.0,19,34.0
MFR,42.37422778,-122.8734978,53440.0,26752.0,26688,84.11,84.11,85.57,91.36,614.21,8.48,7.08,577.0,48.0,23.0,13,36.0
ABE,40.65236278,-75.44040167,53029.0,26611.0,26418,102.48,102.48,105.32,78.25,787.98,6.41,7.9,811.0,62.0,18.0,12,30.0
MOB,30.69141667,-88.24283333,52871.0,26298.0,26573,86.97,86.97,86.45,65.85,637.61,7.96,8.76,720.0,74.0,11.0,9,20.0
FSD,43.58135111,-96.74170028,52459.0,26222.0,26237,87.08,87.08,88.39,72.1,695.07,7.72,8.83,671.0,42.0,21.0,13,34.0
FAI,64.8136775,-147.8596694,52051.0,26026.0,26025,96.9,96.9,97.33,81.86,938.89,5.94,8.76,641.0,66.0,7.0,7,14.0
EVV,38.03799139,-87.53062667,50902.0,25419.0,25483,73.05,73.05,74.2,51.08,460.43,7.98,8.69,1088.0,40.0,9.0,6,15.0
LAN,42.7787,-84.58735806,49498.0,24742.0,24756,63.75,63.75,64.53,42.99,338.71,5.57,8.62,867.0,29.0,9.0,9,18.0
BIL,45.8076625,-108.5428611,49416.0,24705.0,24711,87.25,87.25,88.18,83.8,784.63,3.13,5.79,303.0,28.0,19.0,11,30.0
BZN,45.77690139,-111.1530072,48400.0,24217.0,24183,93.83,93.83,94.37,91.23,845.38,3.8,5.97,304.0,31.0,16.0,13,29.0
CRW,38.37315083,-81.59318972,47280.0,23602.0,23678,83.75,83.75,86.03,63.04,597.06,8.26,8.25,742.0,55.0,15.0,12,27.0
CHA,35.03526833,-85.20378778,46443.0,23211.0,23232,73.25,73.25,74.12,53.64,444.54,8.01,8.84,896.0,46.0,12.0,17,29.0
LFT,30.20527972,-91.987655,45700.0,22841.0,22859,76.89,76.89,76.56,53.79,454.88,7.27,7.6,568.0,59.0,11.0,8,19.0
BGR,44.80744444,-68.82813889,45658.0,22814.0,22844,89.83,89.83,91.27,69.29,653.61,8.88,11.45,772.0,37.0,9.0,8,17.0
PIA,40.66424333,-89.69330556,45371.0,22629.0,22742,73.2,73.2,73.52,51.49,462.36,9.67,10.69,1123.0,29.0,8.0,23,31.0
ITO,19.72026306,-155.0484703,44957.0,22478.0,22479,49.48,49.48,48.87,38.12,374.5,-2.93,-1.59,65.0,2.0,4.0,4,8.0
JNU,58.35496194,-134.5762764,44928.0,22467.0,22461,86.03,86.03,86.83,68.89,749.79,12.12,8.08,618.0,248.0,7.0,7,14.0
AZO,42.234875,-85.5520575,44712.0,22387.0,22325,58.87,58.87,59.31,37.85,279.34,6.29,8.21,1194.0,23.0,8.0,11,19.0
RAP,44.04532139,-103.0573708,44621.0,22292.0,22329,88.11,88.11,89.15,91.11,679.84,4.29,5.83,383.0,38.0,14.0,16,30.0
FAR,46.91934889,-96.81498889,44372.0,22182.0,22190,87.49,87.49,87.69,68.35,695.29,5.79,8.8,596.0,26.0,13.0,7,20.0
TLH,30.39652778,-84.35033333,43843.0,21855.0,21988,82.64,82.64,83.6,69.41,588.88,8.28,8.44,481.0,37.0,18.0,14,32.0
GJT,39.1224125,-108.5267347,42329.0,21076.0,21253,68.9,68.9,71.0,74.3,380.68,7.06,5.77,531.0,14.0,10.0,61,71.0
BFL,35.43359806,-119.0567681,42134.0,21069.0,21065,81.36,81.36,82.86,70.99,605.55,4.98,3.46,339.0,29.0,16.0,14,30.0
TOL,41.58680556,-83.80783333,42037.0,21003.0,21034,72.61,72.61,74.67,52.3,453.87,6.29,8.95,768.0,39.0,6.0,6,12.0
ROA,37.32546833,-79.97542833,41183.0,20476.0,20707,84.74,84.74,87.59,66.63,564.3,10.79,9.78,951.0,40.0,14.0,12,26.0
MSO,46.91630556,-114.0905556,40326.0,20187.0,20139,100.44,100.44,101.67,101.76,971.92,3.28,5.19,297.0,39.0,13.0,9,22.0
ACV,40.97811528,-124.1086189,39233.0,19706.0,19527,63.2,63.2,64.56,71.53,345.45,10.09,8.55,744.0,44.0,7.0,6,13.0
MFE,26.17583333,-98.23861111,38996.0,19475.0,19521,87.14,87.14,86.24,66.83,675.28,4.88,8.48,226.0,48.0,5.0,6,11.0
AVL,35.43619444,-82.54180556,38651.0,19282.0,19369,82.77,82.77,84.14,60.14,526.09,12.74,9.5,699.0,42.0,9.0,10,19.0
JAC,43.60732417,-110.7377389,36971.0,18518.0,18453,86.17,86.17,87.25,76.36,666.52,7.7,7.89,404.0,103.0,15.0,13,28.0
SBN,41.70895361,-86.31847417,36671.0,18303.0,18368,69.7,69.7,72.4,48.2,419.51,11.67,11.56,678.0,25.0,9.0,27,36.0
GRK,31.06489778,-97.82779778,36379.0,18219.0,18160,59.26,59.26,60.04,38.47,287.99,6.83,7.65,650.0,22.0,3.0,4,7.0
MGM,32.30064417,-86.39397611,36182.0,18061.0,18121,72.72,72.72,73.59,51.78,431.12,12.36,12.06,520.0,29.0,11.0,13,24.0
DAB,29.17991667,-81.05805556,36112.0,18003.0,18109,103.77,103.77,103.91,82.53,824.92,12.0,10.11,363.0,51.0,11.0,11,22.0
ILM,34.27061111,-77.90255556,36004.0,17970.0,18034,74.38,74.38,76.33,54.38,483.84,7.49,8.39,367.0,23.0,7.0,4,11.0
MBS,43.53291472,-84.07964722,35261.0,17660.0,17601,60.63,60.63,60.46,38.52,289.9,5.27,11.23,673.0,19.0,3.0,3,6.0
GTF,47.48200194,-111.3706853,34306.0,17155.0,17151,89.21,89.21,90.19,86.76,843.87,-0.02,4.72,365.0,19.0,11.0,5,16.0
ATW,44.25740806,-88.51947556,33176.0,16571.0,16605,86.89,86.89,88.11,63.35,640.73,9.94,11.05,804.0,36.0,8.0,7,15.0
TVC,44.74144472,-85.582235,32116.0,16061.0,16055,68.24,68.24,67.61,47.48,388.53,10.6,12.92,524.0,23.0,8.0,9,17.0
CPR,42.90835556,-106.4644661,32058.0,16023.0,16035,82.0,82.0,83.1,90.23,457.33,5.73,5.22,286.0,30.0,11.0,18,29.0
BMI,40.47798556,-88.91595278,32007.0,15966.0,16041,79.66,79.66,78.55,57.34,550.42,11.51,13.44,743.0,20.0,5.0,4,9.0
SGU,37.09058333,-113.5930556,31925.0,15975.0,15950,79.1,79.1,80.28,93.61,458.56,3.45,4.13,140.0,32.0,12.0,5,17.0
PSC,46.26468028,-119.1190292,31894.0,15944.0,15950,94.52,94.52,95.48,110.16,912.46,3.11,4.5,247.0,40.0,18.0,6,24.0
IDA,43.51455556,-112.0701667,31647.0,15804.0,15843,56.63,56.63,57.39,46.38,368.86,2.21,3.33,290.0,21.0,9.0,36,45.0
RDM,44.25406722,-121.1499633,31364.0,15689.0,15675,74.44,74.44,75.0,73.64,453.28,5.6,3.89,220.0,17.0,14.0,7,21.0
STT,18.33730556,-64.97336111,31297.0,15652.0,15645,188.56,188.56,189.15,166.63,1945.82,6.15,6.93,194.0,60.0,10.0,12,22.0
AGS,33.369955,-81.96449611,31280.0,15742.0,15538,69.28,69.28,71.34,47.14,352.1,12.7,12.14,633.0,20.0,12.0,17,29.0
PFN,30.21208333,-85.68280556,30945.0,15404.0,15541,79.19,79.19,81.65,62.25,448.39,13.18,14.53,475.0,22.0,13.0,7,20.0
SUN,43.50484139,-114.2965903,30918.0,15641.0,15277,59.69,59.69,61.04,58.53,357.57,1.64,2.07,872.0,34.0,6.0,3,9.0
CMI,40.03925,-88.27805556,29866.0,14938.0,14928,61.15,61.15,59.47,40.03,302.94,6.79,14.74,754.0,17.0,4.0,5,9.0
AEX,31.32737167,-92.54855611,29832.0,14915.0,14917,74.77,74.77,74.22,51.56,483.69,6.64,7.55,390.0,42.0,14.0,10,24.0
SWF,41.50409361,-74.10483833,29381.0,14697.0,14684,135.99,135.99,136.43,111.63,1117.72,8.52,11.77,407.0,38.0,11.0,10,21.0
FCA,48.31140472,-114.2550694,29237.0,14648.0,14589,90.24,90.24,90.19,85.19,838.15,1.56,4.32,223.0,56.0,14.0,8,22.0
MLU,32.51086556,-92.03768778,29215.0,14493.0,14722,82.14,82.14,83.16,67.9,571.67,8.16,9.53,384.0,40.0,8.0,7,15.0
ABI,32.41132,-99.68189722,28089.0,14047.0,14042,59.57,59.57,60.92,46.27,282.28,4.12,8.87,314.0,16.0,7.0,8,15.0
ACT,31.61128833,-97.23051917,28004.0,14012.0,13992,52.12,52.12,53.84,34.69,161.29,1.61,2.58,386.0,6.0,6.0,3,9.0
CLL,30.58858944,-96.36382417,27942.0,13976.0,13966,57.59,57.59,58.49,40.66,213.5,2.56,3.0,339.0,8.0,4.0,8,12.0
RST,43.90882639,-92.49798722,27290.0,13648.0,13642,62.71,62.71,61.32,41.98,371.28,6.52,8.91,762.0,18.0,4.0,4,8.0
TRI,36.47521417,-82.40742056,26626.0,13293.0,13333,66.58,66.58,68.87,46.27,358.64,8.76,8.33,568.0,8.0,7.0,5,12.0
LNK,40.85097222,-96.75925,26369.0,13181.0,13188,89.83,89.83,90.66,74.5,708.59,10.23,11.02,463.0,17.0,12.0,13,25.0
TYR,32.35413889,-95.40238611,26226.0,13122.0,13104,53.12,53.12,54.71,39.1,181.73,1.75,3.48,295.0,7.0,6.0,7,13.0
MLB,28.10275,-80.64580556,25845.0,12932.0,12913,100.53,100.53,101.63,77.87,812.88,8.48,9.98,317.0,21.0,9.0,9,18.0
LRD,27.54373861,-99.46154361,25607.0,12806.0,12801,79.17,79.17,78.97,59.58,570.34,4.71,6.83,250.0,35.0,2.0,2,4.0
MTJ,38.50886722,-107.8938333,25499.0,12748.0,12751,78.49,78.49,78.98,72.93,546.3,5.0,5.58,218.0,29.0,12.0,18,30.0
BIS,46.77411111,-100.7467222,24476.0,12236.0,12240,85.07,85.07,86.11,71.78,706.17,2.59,6.32,212.0,17.0,10.0,5,15.0
KTN,55.35556861,-131.71374,24441.0,12222.0,12219,81.95,81.95,83.3,65.99,707.94,8.87,10.59,308.0,81.0,4.0,4,8.0
AVP,41.33814944,-75.7242675,24271.0,12096.0,12175,119.16,119.16,122.15,92.78,950.74,12.59,13.18,496.0,42.0,15.0,8,23.0
CLD,33.127231,-117.278727,23856.0,11939.0,11917,42.28,42.28,43.76,29.2,168.82,4.06,2.46,285.0,4.0,4.0,4,8.0
SPS,33.98879611,-98.49189333,23345.0,11687.0,11658,52.78,52.78,53.93,29.67,181.86,2.41,3.19,430.0,4.0,1.0,2,3.0
CHO,38.13863889,-78.45286111,22398.0,11166.0,11232,77.13,77.13,79.77,59.85,541.03,4.49,5.65,356.0,19.0,7.0,8,15.0
EKO,40.82492611,-115.7916964,22352.0,11228.0,11124,58.1,58.1,60.08,63.38,331.72,2.65,2.51,342.0,10.0,5.0,4,9.0
GNV,29.69005556,-82.27177778,22043.0,10809.0,11234,83.77,83.77,85.96,63.42,483.19,13.33,14.71,375.0,15.0,6.0,3,9.0
LAW,34.56771444,-98.41663667,21993.0,11005.0,10988,57.41,57.41,58.43,35.73,225.31,1.99,3.96,308.0,9.0,1.0,1,2.0
SJT,31.35775,-100.4963056,21811.0,10915.0,10896,68.29,68.29,69.86,57.66,390.64,2.84,4.09,280.0,18.0,4.0,4,8.0
YUM,32.65658333,-114.6059722,21499.0,10744.0,10755,64.02,64.02,64.67,68.01,311.15,6.39,6.49,205.0,13.0,6.0,6,12.0
TWF,42.48180389,-114.4877356,21360.0,10539.0,10821,54.45,54.45,56.16,44.74,280.76,4.56,3.69,199.0,3.0,5.0,46,51.0
FSM,35.33659028,-94.36744111,21319.0,10660.0,10659,65.69,65.69,66.32,46.0,388.5,5.81,8.58,313.0,16.0,3.0,3,6.0
DRO,37.15151667,-107.7537692,21249.0,10631.0,10618,78.95,78.95,81.85,76.92,449.84,5.95,6.03,296.0,9.0,6.0,7,13.0
EGE,39.64256778,-106.9176953,20555.0,10280.0,10275,122.21,122.21,122.3,93.72,1097.26,10.18,14.03,263.0,123.0,14.0,14,28.0
RDD,40.50898361,-122.2934019,20188.0,10073.0,10115,66.71,66.71,67.97,81.57,320.16,9.98,8.61,212.0,12.0,9.0,6,15.0
SMX,34.89924833,-120.4575825,19793.0,9905.0,9888,52.76,52.76,54.89,39.02,217.28,2.32,0.75,198.0,4.0,5.0,6,11.0
HLN,46.60681806,-111.9827503,19741.0,9843.0,9898,76.54,76.54,77.22,70.23,654.24,0.47,1.77,220.0,55.0,11.0,6,17.0
MOD,37.62581722,-120.9544214,19220.0,9617.0,9603,46.42,46.42,45.32,31.23,202.43,9.7,7.76,457.0,4.0,6.0,4,10.0
PIH,42.91130556,-112.5958611,18722.0,9330.0,9392,49.7,49.7,51.05,37.61,241.37,1.16,2.32,154.0,1.0,3.0,51,54.0
BRO,25.90683333,-97.42586111,18475.0,9238.0,9237,79.7,79.7,78.01,57.03,495.68,3.15,5.88,162.0,23.0,1.0,2,3.0
DHN,31.32133917,-85.44962889,18362.0,9174.0,9188,57.56,57.56,59.68,38.58,275.19,11.47,13.89,353.0,1.0,2.0,3,5.0
LSE,43.87937972,-91.25653778,18009.0,9006.0,9003,57.37,57.37,55.35,36.69,290.07,6.13,10.21,365.0,9.0,2.0,2,4.0
ASE,39.22316,-106.868845,18004.0,9038.0,8966,66.11,66.11,67.21,46.57,357.78,12.42,10.55,850.0,7.0,6.0,6,12.0
CSG,32.51633333,-84.93886111,17734.0,8866.0,8868,44.44,44.44,46.37,26.11,133.58,9.05,10.61,503.0,1.0,1.0,7,8.0
FAY,34.99147222,-78.88,17562.0,8710.0,8852,83.72,83.72,85.37,62.27,532.42,14.17,15.91,191.0,11.0,4.0,5,9.0
OXR,34.20080083,-119.2072164,16359.0,8192.0,8167,36.52,36.52,38.77,21.03,78.88,1.5,1.39,196.0,3.0,3.0,2,5.0
HDN,40.48118028,-107.2176597,15162.0,7587.0,7575,97.65,97.65,97.08,72.73,763.86,8.41,8.17,188.0,23.0,12.0,11,23.0
TXK,33.45370806,-93.99102,14971.0,7489.0,7482,64.98,64.98,65.93,56.63,313.31,2.81,4.16,228.0,14.0,5.0,6,11.0
ILE,31.08583333,-97.6865,14927.0,7477.0,7450,58.0,58.0,60.38,47.34,223.22,1.74,3.07,201.0,6.0,4.0,6,10.0
DLH,46.84209028,-92.19364861,14087.0,7043.0,7044,59.66,59.66,58.87,39.22,318.51,4.69,8.1,199.0,7.0,3.0,3,6.0
LCH,30.1260975,-93.22340361,14054.0,7025.0,7029,53.45,53.45,48.62,29.8,204.39,2.66,4.55,191.0,4.0,1.0,1,2.0
ABY,31.535515,-84.19447333,13814.0,6940.0,6874,53.36,53.36,54.77,33.81,234.93,9.71,9.41,241.0,3.0,3.0,2,5.0
GTR,33.45033444,-88.59136861,13248.0,6556.0,6692,69.26,69.26,72.49,47.07,425.04,11.82,8.87,260.0,9.0,4.0,4,8.0
SIT,57.04713806,-135.3615983,13142.0,6571.0,6571,56.78,56.78,57.49,41.04,389.23,7.08,9.5,84.0,92.0,3.0,3,6.0
MCN,32.69284944,-83.64921083,13099.0,6551.0,6548,44.26,44.26,46.0,22.79,127.68,12.87,16.52,304.0,1.0,9.0,20,29.0
DBQ,42.40295944,-90.70916722,12952.0,6487.0,6465,50.95,50.95,49.49,31.26,236.57,5.88,11.71,294.0,3.0,1.0,1,2.0
VLD,30.7825,-83.27672222,12794.0,6362.0,6432,66.16,66.16,68.69,47.22,334.7,11.7,11.44,217.0,5.0,3.0,4,7.0
BQK,31.25902778,-81.46630556,12151.0,6009.0,6142,62.56,62.56,63.43,43.3,383.02,9.46,11.64,218.0,3.0,1.0,2,3.0
BPT,29.95083333,-94.02069444,12114.0,6064.0,6050,46.42,46.42,48.8,29.33,208.64,2.97,2.79,164.0,0.0,3.0,7,10.0
SCE,40.851206,-77.846302,11861.0,5929.0,5932,73.61,73.61,78.2,54.96,480.88,2.08,2.36,184.0,10.0,4.0,4,8.0
CIC,39.79538278,-121.8584231,11775.0,5889.0,5886,58.15,58.15,59.04,52.69,246.14,9.04,8.82,146.0,3.0,3.0,3,6.0
BTM,45.95479528,-112.49746,11493.0,5791.0,5702,69.02,69.02,71.05,90.34,574.13,1.52,3.48,272.0,7.0,6.0,4,10.0
GGG,32.38486111,-94.71171,11326.0,5667.0,5659,61.15,61.15,60.79,40.15,225.31,0.78,4.96,126.0,9.0,1.0,1,2.0
BET,60.77977639,-161.8379975,11283.0,5642.0,5641,67.7,67.7,68.47,57.0,641.93,12.34,7.81,272.0,14.0,2.0,1,3.0
MEI,32.33313333,-88.75120556,11255.0,5595.0,5660,69.14,69.14,71.71,45.67,426.82,12.41,10.85,257.0,17.0,7.0,3,10.0
MOT,48.25937778,-101.2803339,10984.0,5492.0,5492,84.78,84.78,84.33,67.57,722.59,0.89,8.26,60.0,9.0,1.0,1,2.0
COD,44.52019417,-109.0237961,10871.0,5450.0,5421,88.35,88.35,91.24,98.6,512.99,2.71,4.61,91.0,10.0,6.0,4,10.0
BGM,42.20848278,-75.97961361,10808.0,5391.0,5417,94.91,94.91,99.76,73.03,696.31,4.39,5.36,207.0,10.0,5.0,7,12.0
OME,64.51220222,-165.4452458,10791.0,5395.0,5396,73.53,73.53,74.81,63.81,715.99,13.98,8.68,243.0,44.0,3.0,3,6.0
OTZ,66.88467694,-162.5985497,10713.0,5357.0,5356,58.06,58.06,59.21,48.31,496.93,12.95,10.6,272.0,73.0,2.0,2,4.0
CEC,41.78015722,-124.2365333,10564.0,5287.0,5277,55.45,55.45,56.53,54.55,271.53,12.58,5.76,215.0,53.0,4.0,4,8.0
PIE,27.91076333,-82.68743944,10514.0,5258.0,5256,179.01,179.01,178.28,158.48,1879.01,1.46,3.32,49.0,1.0,9.0,9,18.0
IYK,35.65884306,-117.8295122,10267.0,5153.0,5114,48.74,48.74,51.2,33.53,197.95,-0.34,-0.11,170.0,7.0,4.0,1,5.0
LYH,37.32668528,-79.20043056,10187.0,5065.0,5122,83.28,83.28,86.54,65.59,625.81,7.29,7.78,170.0,3.0,2.0,3,5.0
GFK,47.949255,-97.17611111,9446.0,4723.0,4723,65.36,65.36,64.88,48.24,457.05,2.91,8.66,107.0,4.0,1.0,1,2.0
EYW,24.55611111,-81.75955556,9440.0,4468.0,4972,113.2,113.2,115.85,92.67,987.85,18.95,12.07,131.0,28.0,5.0,7,12.0
IPL,32.83422028,-115.5787456,9334.0,4670.0,4664,47.89,47.89,47.39,39.88,209.7,4.21,5.1,44.0,29.0,4.0,3,7.0
HTS,38.36666667,-82.55802778,8939.0,4485.0,4454,58.49,58.49,61.12,41.87,344.28,2.87,1.46,184.0,6.0,6.0,4,10.0
ERI,42.08202139,-80.17621556,8923.0,4463.0,4460,76.92,76.92,81.94,54.44,522.11,4.28,5.14,141.0,10.0,4.0,4,8.0
FLO,34.18536111,-79.72388889,8844.0,4447.0,4397,69.53,69.53,72.0,50.62,439.26,10.3,10.77,168.0,3.0,3.0,3,6.0
BQN,18.49486111,-67.12944444,8640.0,4269.0,4371,219.3,219.3,221.93,190.12,2439.83,4.09,12.26,30.0,8.0,3.0,4,7.0
MQT,46.353639,-87.395361,8418.0,4206.0,4212,54.02,54.02,54.74,37.79,323.69,9.47,21.81,189.0,44.0,5.0,5,10.0
SPI,39.84395194,-89.67761861,7592.0,3795.0,3797,63.1,63.1,64.11,39.98,331.64,18.4,13.89,267.0,1.0,2.0,10,12.0
ACY,39.45758333,-74.57716667,7502.0,3765.0,3737,116.56,116.56,119.99,92.87,922.6,7.01,6.46,112.0,13.0,8.0,4,12.0
FLG,35.13845472,-111.6712183,7280.0,3640.0,3640,59.01,59.01,59.02,40.26,191.51,5.18,6.69,202.0,1.0,1.0,1,2.0
PSG,56.80165194,-132.9452781,7264.0,3632.0,3632,30.39,30.39,31.46,19.98,123.92,13.76,11.9,174.0,65.0,2.0,2,4.0
YAK,59.50336056,-139.6602261,7264.0,3632.0,3632,44.96,44.96,45.04,35.11,331.52,5.7,9.26,95.0,73.0,2.0,2,4.0
WRG,56.48432583,-132.3698242,7263.0,3631.0,3632,27.08,27.08,27.64,16.17,90.92,8.86,11.29,152.0,44.0,2.0,2,4.0
CDV,60.49183389,-145.4776503,7262.0,3632.0,3630,45.31,45.31,45.41,34.41,300.14,7.66,10.19,95.0,11.0,2.0,2,4.0
BRW,71.2854475,-156.7660019,7017.0,3508.0,3509,76.17,76.17,78.05,68.13,781.23,15.22,5.73,102.0,47.0,3.0,2,5.0
ADQ,57.74996778,-152.4938553,6822.0,3411.0,3411,51.32,51.32,51.53,41.18,405.55,10.43,6.65,279.0,0.0,1.0,2,3.0
CDC,37.70097028,-113.098575,6399.0,3188.0,3211,58.26,58.26,60.39,69.97,344.34,4.26,2.95,75.0,1.0,4.0,12,16.0
CWA,44.77761917,-89.66677944,6366.0,3183.0,3183,66.81,66.81,69.27,45.02,380.41,15.72,15.68,173.0,6.0,4.0,4,8.0
GUC,38.53396333,-106.9331817,6293.0,3149.0,3144,78.32,78.32,79.29,57.35,508.86,5.34,5.67,118.0,5.0,5.0,5,10.0
EFD,29.60733333,-95.15875,5296.0,2649.0,2647,32.47,32.47,28.86,14.52,45.06,-2.04,4.49,78.0,0.0,1.0,1,2.0
APF,26.15247222,-81.77544444,4946.0,2528.0,2418,109.21,109.21,111.64,85.7,869.04,11.18,11.63,85.0,14.0,1.0,1,2.0
VCT,28.85255556,-96.91848722,4879.0,2445.0,2434,49.52,49.52,51.65,41.69,198.0,2.41,2.0,86.0,2.0,3.0,2,5.0
STX,17.70188889,-64.79855556,4850.0,2384.0,2466,193.55,193.55,192.72,171.71,2041.22,5.64,3.14,31.0,13.0,4.0,6,10.0
SCC,70.19475583,-148.4651608,4756.0,2378.0,2378,84.04,84.04,86.14,73.91,819.95,8.41,7.37,117.0,9.0,3.0,3,6.0
LWS,46.37449806,-117.0153944,4201.0,2100.0,2101,85.53,85.53,85.63,67.89,741.5,1.62,7.19,11.0,5.0,5.0,2,7.0
VIS,36.31866667,-119.3928889,3975.0,1993.0,1982,24.63,24.63,27.88,22.8,76.19,0.14,2.38,149.0,0.0,2.0,2,4.0
TUP,34.26810833,-88.769895,3935.0,1961.0,1974,64.68,64.68,66.73,45.61,407.16,8.67,10.56,101.0,1.0,1.0,1,2.0
PSE,18.00830278,-66.56301194,3606.0,1776.0,1830,224.1,224.1,226.48,194.19,2492.33,2.51,5.43,16.0,7.0,4.0,5,9.0
AKN,58.67680167,-156.6492175,3435.0,1715.0,1720,70.13,70.13,71.87,61.11,659.53,15.94,12.46,86.0,12.0,3.0,2,5.0
HVN,41.26389889,-72.8871,3365.0,1682.0,1683,127.33,127.33,128.86,106.33,1033.2,5.67,2.44,69.0,10.0,1.0,1,2.0
ISO,35.32807944,-77.61552611,2867.0,1411.0,1456,90.14,90.14,92.18,67.58,653.39,13.11,14.16,36.0,3.0,1.0,1,2.0
WYS,44.68839917,-111.1176375,2721.0,1368.0,1353,72.02,72.02,74.27,92.27,438.83,0.16,3.77,38.0,3.0,3.0,1,4.0
RFD,42.19536389,-89.09721111,2558.0,1270.0,1288,147.29,147.29,147.91,124.16,1334.51,1.59,10.49,13.0,4.0,3.0,16,19.0
ACK,41.25305194,-70.06018139,2427.0,1211.0,1216,84.39,84.39,81.53,57.0,347.12,27.5,22.5,120.0,8.0,2.0,2,4.0
ELM,42.15991361,-76.89144333,2411.0,1205.0,1206,86.12,86.12,86.53,60.04,532.69,7.15,8.51,42.0,5.0,1.0,1,2.0
OAJ,34.82916444,-77.61213778,2398.0,1196.0,1202,90.71,90.71,96.15,68.01,636.53,16.75,19.23,27.0,2.0,2.0,2,4.0
DLG,59.0454125,-158.5033389,2326.0,1163.0,1163,57.8,57.8,58.58,48.5,529.47,16.63,10.79,54.0,2.0,1.0,2,3.0
HHH,32.224384,-80.697629,1994.0,997.0,997,86.0,86.0,89.15,63.37,384.63,23.83,30.09,52.0,1.0,1.0,2,3.0
BLI,48.79275,-122.5375278,1985.0,997.0,988,122.23,122.23,127.21,103.92,1216.71,2.16,4.23,19.0,3.0,4.0,1,5.0
LWB,37.85830556,-80.39947222,1869.0,922.0,947,82.83,82.83,84.34,61.53,593.85,10.37,5.19,3.0,3.0,1.0,1,2.0
TTN,40.27669111,-74.81346833,1715.0,859.0,856,91.96,91.96,93.69,67.94,541.39,10.1,20.7,40.0,3.0,4.0,2,6.0
ILG,39.67872222,-75.60652778,1564.0,765.0,799,128.13,128.13,128.9,102.77,1033.2,14.75,14.99,37.0,3.0,1.0,1,2.0
DUT,53.90013889,-166.5435,1488.0,744.0,744,108.91,108.91,112.01,101.22,1274.6,16.2,11.98,185.0,11.0,1.0,1,2.0
HKY,35.74114639,-81.38954889,1344.0,648.0,696,60.99,60.99,63.63,43.02,362.1,8.4,6.48,28.0,0.0,1.0,1,2.0
EWN,35.07297222,-77.04294444,1202.0,601.0,601,91.73,91.73,87.27,71.77,696.84,17.03,14.87,7.0,0.0,1.0,1,2.0
SUX,42.40260333,-96.38436694,1074.0,535.0,539,68.73,68.73,68.7,44.72,376.12,9.47,6.25,60.0,1.0,2.0,3,5.0
PLN,45.5709275,-84.796715,1023.0,512.0,511,69.13,69.13,71.62,43.3,392.23,7.12,7.07,16.0,2.0,2.0,2,4.0
TEX,37.95375861,-107.90848,978.0,489.0,489,114.7,114.7,114.45,93.4,622.81,10.12,5.62,65.0,2.0,1.0,1,2.0
ADK,51.87796389,-176.6460306,974.0,487.0,487,133.06,133.06,137.78,122.94,1527.89,24.59,10.52,38.0,22.0,2.0,2,4.0
GST,58.42438139,-135.7073814,893.0,446.0,447,28.11,28.11,28.16,14.97,65.98,7.65,10.41,11.0,2.0,1.0,1,2.0
YKM,46.56816972,-120.5440594,819.0,410.0,409,99.62,99.62,92.04,81.49,943.07,8.21,11.42,3.0,0.0,1.0,1,2.0
SLE,44.90952778,-123.0025,794.0,398.0,396,109.09,109.09,113.63,87.52,1009.54,2.59,16.38,3.0,1.0,2.0,1,3.0
PMD,34.62938889,-118.0845528,784.0,392.0,392,71.54,71.54,71.7,53.17,507.46,10.44,-2.9,12.0,0.0,2.0,2,4.0
SOP,35.23735278,-79.39116944,636.0,319.0,317,81.27,81.27,77.85,58.55,477.97,25.24,25.6,12.0,0.0,1.0,1,2.0
CMX,47.16841722,-88.48906083,619.0,309.0,310,73.2,73.2,75.0,48.65,445.79,13.63,11.21,17.0,4.0,1.0,1,2.0
ALO,42.55708139,-92.40034361,602.0,300.0,302,61.97,61.97,63.66,35.66,267.15,16.05,6.87,34.0,0.0,1.0,1,2.0
LNY,20.78561111,-156.9514181,578.0,289.0,289,15.74,15.74,15.97,-84.28,43.57,-4.5,-3.07,13.0,9.0,2.0,2,4.0
MKK,21.15288583,-157.0962561,576.0,288.0,288,21.52,21.52,26.93,13.9,73.82,-2.97,-4.95,21.0,0.0,2.0,2,4.0
ROW,33.30155556,-104.5305556,473.0,235.0,238,84.69,84.69,84.47,68.42,700.06,14.08,12.93,1.0,2.0,1.0,3,4.0
RHI,45.63119306,-89.46745361,446.0,223.0,223,60.14,60.14,57.71,40.71,305.77,7.91,5.75,20.0,1.0,1.0,1,2.0
INL,48.56618722,-93.40306667,436.0,218.0,218,67.34,67.34,63.98,45.69,408.77,10.14,8.83,22.0,0.0,1.0,1,2.0
BJI,47.50942417,-94.93372333,256.0,128.0,128,60.4,60.4,57.75,39.75,320.26,10.54,9.22,14.0,0.0,1.0,1,2.0
MTH,24.72614083,-81.05137806,255.0,128.0,127,127.51,127.51,127.15,99.44,1041.24,15.97,10.59,2.0,0.0,1.0,1,2.0
EAU,44.86525722,-91.48507194,145.0,72.0,73,48.27,48.27,50.0,24.77,136.79,7.61,-0.2,6.0,0.0,1.0,2,3.0
OGD,41.19594417,-112.012175,23.0,6.0,17,65.6,65.6,93.33,52.6,45.06,143.67,,0.0,1.0,1.0,16,17.0
PUB,38.28908722,-104.4965722,17.0,3.0,14,25.5,25.5,70.0,12.0,97.63,104.0,,1.0,0.0,2.0,11,13.0
CKB,39.29663889,-80.22808333,14.0,8.0,6,65.25,65.25,73.5,-306.5,355.87,25.62,7.83,0.0,0.0,3.0,1,4.0
PVU,40.21919444,-111.7233611,13.0,2.0,11,35.0,35.0,48.5,18.0,65.98,0.0,28.0,1.0,0.0,1.0,11,12.0
CYS,41.1557225,-104.8118381,12.0,2.0,10,33.5,33.5,56.5,20.5,144.84,145.0,,0.0,0.0,1.0,9,10.0
PIR,44.38267694,-100.285965,8.0,4.0,4,125.25,125.25,135.0,107.75,1404.15,45.5,11.0,0.0,0.0,2.0,2,4.0
FMN,36.74125,-108.2299444,8.0,3.0,5,37.0,37.0,76.67,24.0,238.18,203.67,,0.0,0.0,1.0,4,5.0
GLH,33.48288111,-90.98561389,4.0,2.0,2,54.5,54.5,45.0,35.5,196.34,-5.5,2.5,0.0,0.0,1.0,1,2.0
BFF,41.87402778,-103.5956389,3.0,1.0,2,41.0,41.0,79.0,194.0,244.62,131.0,,0.0,0.0,1.0,1,2.0
LAR,41.31205,-105.6749864,2.0,0.0,2,,,,,,,,0.0,0.0,0.0,1,1.0
MKC,39.12324111,-94.592735,2.0,1.0,1,87.0,87.0,70.0,65.0,704.89,8.0,12.0,0.0,0.0,1.0,1,2.0
CBM,,,1.0,0.0,1,,,,,,,0.0,0.0,0.0,0.0,1,1.0
SKA,47.615058,-117.655803,1.0,0.0,1,,,,,,,,0.0,0.0,0.0,1,1.0
RCA,44.145094,-103.103567,1.0,0.0,1,,,,,,,,0.0,0.0,0.0,1,1.0
LBF,41.12621194,-100.6836542,1.0,0.0,1,,,,,,,,0.0,0.0,0.0,1,1.0
